"date","actual","HAR","HAR + квартал","HAR + VIX","HAR + VIX + рынок","Гребневая","Наивный (RW)","VIX как прогноз"
2022-11-01,0.231140316409505,0.193365682011096,0.191868227019594,0.190873200000163,0.238927585218905,0.247616034449572,0.195319205021024,0.2581
2022-11-02,0.208169070102968,0.223273349019808,0.222452999226114,0.200726472444574,0.260136234003083,0.264243635298741,0.260171947466654,0.2586
2022-11-03,0.429341354488372,0.21234080388697,0.213351005858083,0.194990229671685,0.260599822973155,0.261702185470095,0.267435385418427,0.253
2022-11-04,0.423528573647839,0.204574304009804,0.204850239134965,0.184463381266008,0.251145223731018,0.250649173158689,0.225641665276267,0.2455
2022-11-07,0.422874758252529,0.20335492087023,0.203801048801685,0.182638111886908,0.237896703787245,0.239366319164159,0.229579029357036,0.2435
2022-11-08,0.425494686037253,0.193575203604102,0.195673949654006,0.192727843534253,0.246929520872856,0.249245958379129,0.231140316409505,0.2554
2022-11-09,0.40284830389979,0.198786799874782,0.200187720237353,0.19691962114887,0.246668544330197,0.250649666863346,0.208169070102968,0.2609
2022-11-10,0.126733089926149,0.283387628464787,0.283083164316313,0.192028551414744,0.192943590264552,0.199620792477309,0.429341354488372,0.2353
2022-11-11,0.113722441610354,0.267775096255385,0.267225293906228,0.179769017393321,0.184467272257081,0.19013520586574,0.423528573647839,0.2252
2022-11-14,0.0981596111817495,0.262855120426517,0.263458825728626,0.19125868992864,0.206764480672748,0.21111917575496,0.422874758252529,0.2373
2022-11-15,0.122523253234223,0.25889473654453,0.260274108586236,0.199150667726719,0.216169971284048,0.221667966297888,0.425494686037253,0.2454
2022-11-16,0.115343636427669,0.248848791696301,0.251383031648573,0.19353910372246,0.209226296042094,0.215540278351136,0.40284830389979,0.2411
2022-11-17,0.113250558459925,0.168443893402484,0.168980757450285,0.164890842907139,0.223188419323978,0.227752746057535,0.126733089926149,0.2393
2022-11-18,0.154595153028573,0.16495988494385,0.165330868662758,0.156559715345227,0.217075104308841,0.220815956831343,0.113722441610354,0.2312
2022-11-21,0.152526864748549,0.156416264348218,0.156686671832501,0.147485193824763,0.201514393312627,0.205138778361839,0.0981596111817495,0.2236
2022-11-22,0.246806365372175,0.171551756233932,0.172598429780776,0.144164677958697,0.193713765912484,0.195341125247646,0.122523253234223,0.2129
2022-11-23,0.243307513213204,0.163463551441386,0.164356501653291,0.134804451219127,0.177192346480131,0.180029078410026,0.115343636427669,0.2035
2022-11-25,0.243447161550591,0.146418605677008,0.147798884947763,0.132928569149446,0.17564536611669,0.178652652653678,0.113250558459925,0.205
2022-11-28,0.251969396400466,0.183757161495416,0.185352653430526,0.156248640005632,0.212125825212486,0.213689886444291,0.154595153028573,0.2221
2022-11-29,0.27196118825455,0.170319248454668,0.171917814210748,0.150976162541967,0.203974171244896,0.205554172696797,0.152526864748549,0.2189
2022-11-30,0.165285285790112,0.219244283108164,0.220845525332241,0.151941032157542,0.186383214998577,0.186894971221587,0.246806365372175,0.2058
2022-12-01,0.173526441508639,0.19431986144641,0.19614659412329,0.141456208521047,0.178976515746378,0.177980389863945,0.243307513213204,0.1984
2022-12-02,0.181057873867782,0.196243926892429,0.19799367936727,0.135144936494609,0.173303564846525,0.17185508365151,0.243447161550591,0.1906
2022-12-05,0.162731801325591,0.213602814858398,0.216122768866247,0.153525895109908,0.197036941088677,0.195855748288437,0.251969396400466,0.2075
2022-12-06,0.136155287355225,0.217871597268208,0.220550233558147,0.167468174432647,0.223623842309803,0.222043646497733,0.27196118825455,0.2217
2022-12-07,0.142199941263074,0.174458067188191,0.176375511600537,0.159690850641068,0.244504950838069,0.241692419443586,0.165285285790112,0.2268
2022-12-08,0.222467736155666,0.184835630035745,0.186894009315047,0.159034413973627,0.234618643631327,0.231962391853905,0.173526441508639,0.2229
2022-12-09,0.230373240818069,0.187286600290437,0.18919239884207,0.164480724545556,0.24236136788933,0.239145325479639,0.181057873867782,0.2283
2022-12-12,0.216948333223333,0.183342427540756,0.185560080927115,0.18207979019863,0.245587412837121,0.248716593433221,0.162731801325591,0.25
2022-12-13,0.210859907378453,0.142215859781696,0.149793786469295,0.156005422793154,0.197648539740694,0.19270951216383,0.136155287355225,0.2255
2022-12-14,0.231478165067506,0.142607241210398,0.150380390690247,0.144863207722692,0.187019317048796,0.180606517258173,0.142199941263074,0.2114
2022-12-15,0.179335336021711,0.178934755942865,0.186127936935801,0.169567242826264,0.236020544152479,0.228132695745634,0.222467736155666,0.2283
2022-12-16,0.166024193698132,0.176826569307629,0.183980166892167,0.167311183714822,0.230377481253193,0.221309251568394,0.230373240818069,0.2262
2022-12-19,0.155780620319232,0.172670200909151,0.179519049570065,0.164097005503508,0.242551470849499,0.230270376817762,0.216948333223333,0.2242
2022-12-20,0.177720348440183,0.159577508625982,0.166046143168858,0.152679895427847,0.226218487594062,0.212690813302402,0.210859907378453,0.2148
2022-12-21,0.188969123834286,0.181323951729014,0.188049151510327,0.145343542933024,0.197136152637317,0.185791126588606,0.231478165067506,0.2007
2022-12-22,0.159233294775436,0.170269893680322,0.175754885512087,0.157304109574013,0.211536936240742,0.204294836505647,0.179335336021711,0.2197
2022-12-23,0.156332154152899,0.159937401558322,0.165286770686047,0.14545345324708,0.187300759749043,0.181738019124833,0.166024193698132,0.2087
2022-12-27,0.162643578686856,0.154886437223193,0.160033707143089,0.150442028317338,0.188176659099473,0.183627672080735,0.155780620319232,0.2165
2022-12-28,0.161237410692158,0.168572444127298,0.173722156390313,0.158361965511476,0.200723381596895,0.194689707159667,0.177720348440183,0.2214
2022-12-29,0.191311968319358,0.174359728378151,0.179715328928324,0.153912601972353,0.196406968963702,0.190245708378576,0.188969123834286,0.2144
2022-12-30,0.190535596527171,0.155798693671028,0.160531065917507,0.150488128873319,0.189900691316311,0.186275784194224,0.159233294775436,0.2167
2023-01-03,0.194759411117904,0.146762761794414,0.153471000372561,0.161447069185164,0.211467356899562,0.205375184215126,0.156332154152899,0.229
2023-01-04,0.208095809919458,0.152202415780311,0.158692257612181,0.155404416795522,0.198566886380359,0.194100667581478,0.162643578686856,0.2201
2023-01-05,0.192287040436098,0.155776064001507,0.161857717597164,0.159635783743151,0.206738199661874,0.203695471417293,0.161237410692158,0.2246
2023-01-06,0.109866785981311,0.16978734015259,0.175844646267349,0.152168077136103,0.189152650647143,0.185484745508451,0.191311968319358,0.2113
2023-01-09,0.110676101970869,0.149861045690071,0.155457431805419,0.155498076899863,0.194369563730581,0.19215296084556,0.190535596527171,0.2197
2023-01-10,0.149034585447504,0.162268427461831,0.168046558745794,0.146446959721783,0.173897350742561,0.171398934801748,0.194759411117904,0.2058
2023-01-11,0.130225840571283,0.170153238195948,0.175926579901202,0.152649156311316,0.17859807796952,0.177157838843799,0.208095809919458,0.2109
2023-01-12,0.184595993521683,0.158924063405236,0.163835911644631,0.130906275637311,0.149156754885783,0.148569523830593,0.192287040436098,0.1883
2023-01-13,0.200760919889126,0.133327433276368,0.137345018821846,0.119087807761541,0.148998197698164,0.147951071987004,0.109866785981311,0.1835
2023-01-17,0.200305434142405,0.130250697648698,0.134339283997267,0.126434766496092,0.156318937588998,0.155533976665613,0.110676101970869,0.1936
2023-01-18,0.166506937342041,0.154369371582775,0.158911720416777,0.140873283006861,0.182741754307514,0.179934815547976,0.149034585447504,0.2034
2023-01-19,0.175504849127404,0.137511346406955,0.142810818118065,0.139095180084926,0.194505374432837,0.188765704578911,0.130225840571283,0.2052
2023-01-20,0.115809550114527,0.160257312685219,0.165730633309788,0.140170714561045,0.181196451352444,0.176294160305267,0.184595993521683,0.1985
2023-01-23,0.122346247499702,0.16277251999233,0.167777535406535,0.140771250261006,0.178720054468353,0.175454962521257,0.200760919889126,0.1981
2023-01-24,0.159977419297603,0.148905199792653,0.153601341543711,0.132957400558539,0.169213757585748,0.165926819081106,0.200305434142405,0.192
2023-01-25,0.176182778668135,0.132294096719351,0.137011517385957,0.127843613694128,0.15801758844299,0.156100516948822,0.166506937342041,0.1908
2023-01-26,0.18902891988595,0.151405485806691,0.156920459717077,0.129376544513557,0.149291531383761,0.14796297628527,0.175504849127404,0.1873
2023-01-27,0.202186422424403,0.127496333395975,0.131523974957776,0.120373554244685,0.149618205141479,0.148745581652345,0.115809550114527,0.1851
2023-01-30,0.184941926832202,0.13866401868513,0.142480124569029,0.134024202450068,0.178223229223256,0.176655727613107,0.122346247499702,0.1994
2023-01-31,0.178322594730542,0.151525366112083,0.155720426488582,0.133892568628691,0.167336661294539,0.166049426115333,0.159977419297603,0.194
2023-02-01,0.180574522914141,0.151322997242543,0.156397181548606,0.122329492776318,0.148163936047858,0.145611736930732,0.176182778668135,0.1787
2023-02-02,0.160746665437712,0.15932879322948,0.164042806168237,0.131022062468605,0.153695064100436,0.152567873633377,0.18902891988595,0.1873
2023-02-03,0.14360194073196,0.162254071557004,0.166351352445336,0.128481375361734,0.158917046537706,0.157462767916434,0.202186422424403,0.1833
2023-02-06,0.158872643623474,0.155296651381373,0.159200451207372,0.135882543205904,0.167578373738398,0.168299656578091,0.184941926832202,0.1943
2023-02-07,0.130381545964558,0.157488794000943,0.161398442847943,0.129546109183044,0.159928473593395,0.159645841911837,0.178322594730542,0.1866
2023-02-08,0.10549118497751,0.151430825921417,0.15613937685612,0.137371375220347,0.181784264382725,0.179638155178436,0.180574522914141,0.1963
2023-02-09,0.129923864052104,0.146557658727869,0.150676942635525,0.144369498761498,0.205517932418966,0.202596934881946,0.160746665437712,0.2071
2023-02-10,0.130479604452701,0.135262910050279,0.139035277460371,0.139824976542539,0.19213251397519,0.190928319553269,0.14360194073196,0.2053
2023-02-13,0.176494580028371,0.145964947698498,0.150195516494944,0.141257008838942,0.183819867636931,0.183721533625524,0.158872643623474,0.2034
2023-02-14,0.176837109093189,0.122911463004658,0.1265179564058,0.123805018292496,0.173104591254909,0.171609456036936,0.130381545964558,0.1891
2023-02-15,0.17974636539824,0.123737463524794,0.126715996437838,0.117304682908312,0.156991607809536,0.157252632316928,0.10549118497751,0.1823
2023-02-16,0.168072695253184,0.140909619588678,0.140835583187537,0.136994740380092,0.18042679816651,0.187517979256298,0.129923864052104,0.2017
2023-02-17,0.168332552766932,0.130974846626081,0.131694831500889,0.134323608468162,0.181810513833051,0.187628301262663,0.130479604452701,0.2002
2023-02-21,0.0902513313582149,0.157674085595234,0.157847087344463,0.165250060944506,0.235425251630025,0.241021807862441,0.176494580028371,0.2287
2023-02-22,0.0956608090378751,0.14077676660521,0.142208164015986,0.157500595821262,0.228737985088089,0.231967256469281,0.176837109093189,0.2229
2023-02-23,0.102969438106625,0.144927253899873,0.146723196899443,0.14912388873007,0.216160063172168,0.217859933238204,0.17974636539824,0.2114
2023-02-24,0.133714204591961,0.146985662374493,0.148373862840638,0.153175125925464,0.222496209814365,0.226263601691,0.168072695253184,0.2167
2023-02-27,0.132018104542369,0.141758316909399,0.143128393578803,0.146065164795062,0.211147484335353,0.215037775651999,0.168332552766932,0.2095
2023-02-28,0.170254620205622,0.11657246103214,0.117508676535855,0.134017111932706,0.192194433277746,0.199632541813983,0.0902513313582149,0.207
2023-03-01,0.167202579829075,0.120416432101859,0.12119030998553,0.13435243246621,0.192965983655821,0.200097746114756,0.0956608090378751,0.2058
2023-03-02,0.20634261217902,0.12312796202687,0.12437562240577,0.128012025381956,0.178708433479836,0.183142844669212,0.102969438106625,0.1959
2023-03-03,0.200908505632181,0.136753365123288,0.138478957241657,0.123704998827895,0.159877960190871,0.164316986443872,0.133714204591961,0.1849
2023-03-06,0.201135518894992,0.122325648878568,0.124147945190172,0.12218632463978,0.158834897717253,0.163441099485484,0.132018104542369,0.1861
2023-03-07,0.204675795480827,0.14504535560736,0.147443156875526,0.136252291569218,0.183109640315623,0.187213265060787,0.170254620205622,0.1959
2023-03-08,0.210392024550163,0.13249628466595,0.134135300736834,0.129976843187667,0.175307998017555,0.18151388289712,0.167202579829075,0.1911
2023-03-09,0.205047486298077,0.158040636542067,0.15913273519805,0.16549636530081,0.229494168020684,0.237370720783013,0.20634261217902,0.2261
2023-03-10,0.19368236960293,0.156537134020485,0.157701948311958,0.183892188465223,0.274281903536894,0.280958188972924,0.200908505632181,0.248
2023-03-13,0.203398670174402,0.144292687264434,0.145576284541462,0.196164381231231,0.271780834917627,0.276930294833479,0.201135518894992,0.2652
2023-03-14,0.190514590028021,0.159081169262159,0.159616956354826,0.175109333102873,0.222960754826253,0.229536883386259,0.204675795480827,0.2373
2023-03-15,0.218428525663748,0.157093740598723,0.157608328647404,0.196022659018269,0.248546846938149,0.256311460954071,0.210392024550163,0.2614
2023-03-16,0.181336034420143,0.163101575759058,0.163213911916469,0.169026670311736,0.199813835916998,0.208477783380549,0.205047486298077,0.2299
2023-03-17,0.1681926652057,0.160152631831281,0.159882235633182,0.189596177328794,0.215523860901862,0.22740933217976,0.19368236960293,0.2551
2023-03-20,0.15637149386382,0.162451162455867,0.161823796000443,0.178504419556564,0.197940344924612,0.209449501326176,0.203398670174402,0.2415
2023-03-21,0.127246966824566,0.160784236724508,0.160311968554235,0.153701737536326,0.177184730235039,0.185304939818896,0.190514590028021,0.2138
2023-03-22,0.111246098575381,0.172624644788656,0.171663404854423,0.164263115641873,0.18852607489415,0.196237955423815,0.218428525663748,0.2226
2023-03-23,0.116468946117954,0.149784782889817,0.149317655245199,0.161705955754969,0.192794046571463,0.199740530545451,0.181336034420143,0.2261
2023-03-24,0.149416591587918,0.149774275524572,0.148951535891214,0.153685898271589,0.175058124129516,0.182822128358163,0.1681926652057,0.2174
2023-03-27,0.151247700062244,0.140989651561682,0.140201578968079,0.141897933276057,0.167503201916811,0.173864411570135,0.15637149386382,0.206
2023-03-28,0.156379137418832,0.131165660838242,0.130578460351087,0.133485633177277,0.168140348028663,0.173235173613908,0.127246966824566,0.1997
2023-03-29,0.121226240307959,0.137232472688005,0.135721604599299,0.126740126923725,0.147293663048704,0.154743027543219,0.111246098575381,0.1912
2023-03-30,0.117056449099894,0.135645240127206,0.133955050511922,0.125921098500853,0.146706224062956,0.154852894994801,0.116468946117954,0.1902
2023-03-31,0.0582906088803513,0.15243197093574,0.15039668628693,0.127809665044169,0.143607276526939,0.151508257278602,0.149416591587918,0.187
2023-04-03,0.0520658328830916,0.146328558159328,0.144608092632693,0.125679703645793,0.139962603300646,0.147445791570002,0.151247700062244,0.1855
2023-04-04,0.0432726998558571,0.147056447833207,0.145849227461097,0.130139398205695,0.143373881474929,0.149582377134576,0.156379137418832,0.19
2023-04-05,0.101527011937965,0.13323389722949,0.131542805024079,0.126460378494801,0.148475370614513,0.155147867376165,0.121226240307959,0.1908
2023-04-06,0.0994015931318678,0.130279221671337,0.129282976976591,0.120724776161997,0.143675840726784,0.148862485592112,0.117056449099894,0.184
2023-04-10,0.101881351645328,0.102354454531985,0.101104358133179,0.114853529233944,0.150322553363821,0.157787351391077,0.0582906088803513,0.1897
2023-04-11,0.102061494274069,0.0866433207208929,0.0864138799814777,0.111835422569594,0.151344839551976,0.158036734382165,0.0520658328830916,0.191
2023-04-12,0.0977324230174712,0.0916943280204299,0.0915676914502678,0.112346484296918,0.14822921097794,0.154283145677468,0.0432726998558571,0.1909
2023-04-13,0.0509811301975043,0.12444652747356,0.123861760193648,0.114781579059208,0.136764440684949,0.141280219393147,0.101527011937965,0.178
2023-04-14,0.0492329256035195,0.113036564174458,0.113549542100705,0.10748239373844,0.132824642283227,0.135534400207239,0.0994015931318678,0.1707
2023-04-17,0.0437182312105368,0.114788492767123,0.115410198283186,0.107140698141246,0.131705062394198,0.134348876367366,0.101881351645328,0.1695
2023-04-18,0.121143246618343,0.105062997572654,0.106757379520993,0.105029480793354,0.130566040477278,0.132238061960503,0.102061494274069,0.1683
2023-04-19,0.124184713813523,0.0946701989818488,0.09679416550621,0.100222669184581,0.125586123254463,0.126902873559395,0.0977324230174712,0.1646
2023-04-20,0.180414128708887,0.0880412233258034,0.0896100814501356,0.10042778228235,0.134005044165298,0.13570414544073,0.0509811301975043,0.1717
2023-04-21,0.189507512971152,0.0794898537185918,0.0816607507285627,0.0959271349310749,0.128377307171372,0.129065974442256,0.0492329256035195,0.1677
2023-04-24,0.189430982868179,0.0711338097148167,0.0741201291919947,0.0949145143316325,0.129117926621103,0.128429271107843,0.0437182312105368,0.1689
2023-04-25,0.172996709365978,0.111723452852987,0.115502669250773,0.123274530386779,0.158989827833879,0.156263895238,0.121143246618343,0.1876
2023-04-26,0.17795258857447,0.107466454567643,0.11086532444482,0.123146727051548,0.161593412827995,0.15938370381526,0.124184713813523,0.1884
2023-04-27,0.124050924781958,0.135911138604639,0.138269373927869,0.115697066856875,0.139350680463394,0.138819700021292,0.180414128708887,0.1703
2023-04-28,0.169922142547616,0.135974172243304,0.138169108381809,0.105826356109662,0.126554297114034,0.125898599164692,0.189507512971152,0.1578
2023-05-01,0.169930319968702,0.119706748785544,0.122901217082891,0.105950755294891,0.127607226647111,0.126068571356111,0.189430982868179,0.1608
2023-05-02,0.15196415383389,0.131503271904183,0.134088845190783,0.120766849873664,0.141671850772035,0.14224672656754,0.172996709365978,0.1778
2023-05-03,0.14702420913385,0.12669181158436,0.130254267745837,0.125027737541345,0.147597051415005,0.147186796654374,0.17795258857447,0.1834
2023-05-04,0.138260670731546,0.114775916868576,0.117466148781534,0.133892009410012,0.166000608584582,0.165701426856991,0.124050924781958,0.2009
2023-05-05,0.0485050338772789,0.136250615523789,0.138014371354459,0.11577265432662,0.139920888322809,0.13922931458494,0.169922142547616,0.1719
2023-05-08,0.052746550448694,0.122721358516172,0.124388580551097,0.112036293779707,0.13667469971009,0.136224365263263,0.169930319968702,0.1698
2023-05-09,0.0615109587811946,0.126945970977558,0.128067188659713,0.117737172207957,0.140267303007684,0.141388474666306,0.15196415383389,0.1771
2023-05-10,0.0990812728049722,0.126031034754751,0.126869199701589,0.111208161147399,0.128185802664867,0.129669858492523,0.14702420913385,0.1694
2023-05-11,0.118852229733423,0.120548785216126,0.121276971936573,0.109863792083845,0.12605242133708,0.128167022447987,0.138260670731546,0.1693
2023-05-12,0.11876375470448,0.088599956127281,0.0882776262350166,0.0985398590141866,0.126400000005915,0.130080380003853,0.0485050338772789,0.1703
2023-05-15,0.116902882338442,0.0898167659319516,0.0900248874483843,0.100240933550742,0.126224629698867,0.129304148641217,0.052746550448694,0.1712
2023-05-16,0.134246752433889,0.0965912598598637,0.0966854075591458,0.108658562026592,0.136841114310994,0.140650410541333,0.0615109587811946,0.1799
2023-05-17,0.117044169714324,0.115299551640467,0.115383093422621,0.106438822499732,0.12891419728076,0.131483297515341,0.0990812728049722,0.1687
2023-05-18,0.114355641794175,0.122437798139226,0.12221611436218,0.102239279811585,0.119948408791706,0.122579959348719,0.118852229733423,0.1605
2023-05-19,0.146434093463488,0.116200766808523,0.11608367719853,0.107102686235442,0.125958005055586,0.129293407011881,0.11876375470448,0.1681
2023-05-22,0.146430004144008,0.108064611144918,0.108193751927848,0.108764439433793,0.129653303749585,0.133146599827247,0.116902882338442,0.1721
2023-05-23,0.130057334631451,0.129260594544036,0.128559668097571,0.123360427482667,0.145657856980236,0.150390218933293,0.134246752433889,0.1853
2023-05-24,0.137992909188669,0.123671909499846,0.122735075009323,0.13320766004834,0.167987265482538,0.173784931174829,0.117044169714324,0.2003
2023-05-25,0.160325665948622,0.120232946495705,0.119529618307933,0.125731260784381,0.161994982743764,0.167325498958472,0.114355641794175,0.1914
2023-05-26,0.132044658583586,0.133618722677311,0.132612021968613,0.119981418720009,0.148428235888476,0.15332023906024,0.146434093463488,0.1795
2023-05-30,0.133095366014985,0.104441570715146,0.105533118793847,0.112005351203897,0.142597565300825,0.145599054558185,0.146430004144008,0.1746
2023-05-31,0.128675180774635,0.118413555224962,0.119254632593603,0.117507797430647,0.145133267847996,0.148934789448036,0.130057334631451,0.1794
2023-06-01,0.116743797749039,0.124166437686267,0.124688573074116,0.10068725305627,0.117193483138481,0.119736891933217,0.137992909188669,0.1565
2023-06-02,0.0565795616029556,0.132699934800469,0.133344030233737,0.0944018331565066,0.109182495608219,0.111021739791844,0.160325665948622,0.146
2023-06-05,0.0856558657664557,0.11772456964567,0.118396822813085,0.0924898354267723,0.111498058398475,0.112778266193561,0.132044658583586,0.1473
2023-06-06,0.0972825943640993,0.117555968893,0.118384503894966,0.0868009744679392,0.104766873107826,0.105583871526699,0.133095366014985,0.1396
2023-06-07,0.0936084257830219,0.110715836986434,0.11286032262124,0.0862251644057987,0.102729459903134,0.102670010459438,0.128675180774635,0.1394
2023-06-08,0.1192845552556,0.110062296887303,0.11191436229359,0.083409034515764,0.101157702123866,0.101053089527217,0.116743797749039,0.1365
2023-06-09,0.121837508375934,0.0850243278141697,0.0858505411996628,0.0777145886828969,0.102775144772446,0.103913899448987,0.0565795616029556,0.1383
2023-06-12,0.107895274888504,0.102929808252661,0.103914541821763,0.0906403193233398,0.112387331638927,0.114267123839497,0.0856558657664557,0.1501
2023-06-13,0.103100806153663,0.106847821281725,0.107248182003886,0.0888857394534387,0.108466765589256,0.110835269518942,0.0972825943640993,0.1461
2023-06-14,0.106242128748991,0.099525689083655,0.0996315742478117,0.0824108079052977,0.101655528865142,0.104358297434471,0.0936084257830219,0.1388
2023-06-15,0.0829569826289766,0.118095654956691,0.117786982759477,0.0904105763343854,0.107146823030335,0.110433218121787,0.1192845552556,0.145
2023-06-16,0.0849653430040286,0.11433790609557,0.113789843007444,0.0829708304962603,0.100714492909275,0.103430518112342,0.121837508375934,0.1354
2023-06-20,0.1123518774518,0.108710900807156,0.108655194287531,0.0843584341560969,0.107364061832322,0.109604513055579,0.107895274888504,0.1388
2023-06-21,0.105996710370697,0.106255892856135,0.10599442228995,0.0790008241366926,0.104898810362427,0.106493396399261,0.103100806153663,0.132
2023-06-22,0.107461667339655,0.106388878405749,0.105890838929836,0.0770541900346304,0.101662333881247,0.10341381118986,0.106242128748991,0.1291
2023-06-23,0.12674183762336,0.102433027926541,0.1013867684362,0.0790524015000311,0.111394860155341,0.113473529978941,0.0829569826289766,0.1344
2023-06-26,0.122936173805338,0.0993153402587987,0.0986314104602826,0.0847285152920064,0.118724150267411,0.121207768283941,0.0849653430040286,0.1425
2023-06-27,0.093646666375295,0.112203479221044,0.110848430104241,0.0840172830665563,0.111451689607105,0.114538151735887,0.1123518774518,0.1374
2023-06-28,0.109325405109989,0.0985254487862596,0.0978165018490238,0.0798769997738629,0.106515280445921,0.109451578738414,0.105996710370697,0.1343
2023-06-29,0.106596651024721,0.102499398115567,0.102542617086203,0.0815693507207776,0.108076880391901,0.110371741218091,0.107461667339655,0.1354
2023-06-30,0.0644909636288096,0.114481684159147,0.113935759864818,0.0839573347700039,0.104568409805019,0.107946964987181,0.12674183762336,0.1359
2023-07-03,0.0797859383113713,0.105425971264417,0.105214579968257,0.0826052234640453,0.102456073642999,0.106028999102883,0.122936173805338,0.1357
2023-07-05,0.0944351342017695,0.0968181605302667,0.0965703659453946,0.0846614345133722,0.108490917008419,0.112296833482261,0.093646666375295,0.1418
2023-07-06,0.0965133860518016,0.100971485740081,0.101823663672675,0.0959916935674416,0.121870686981043,0.124777027779474,0.109325405109989,0.1544
2023-07-07,0.0946194501916844,0.0976643962233122,0.0980790533152013,0.0908255196821731,0.117149761736519,0.119661488134886,0.106596651024721,0.1483
2023-07-10,0.0969961461456142,0.0842805538210161,0.0843182638820873,0.0876026946126277,0.11838231967967,0.121486499521181,0.0644909636288096,0.1507
2023-07-11,0.0983236843749214,0.092846351522829,0.0928164331800759,0.0884678001899486,0.117067003388422,0.120119622064097,0.0797859383113713,0.1484
2023-07-12,0.0848483355067303,0.0980950597246088,0.0981678909313449,0.0808131607003108,0.102695617100774,0.104586891683211,0.0944351342017695,0.1354
2023-07-13,0.0770091633053521,0.100919538936865,0.100659438304191,0.0816484444877861,0.0981275922876117,0.100819247740281,0.0965133860518016,0.1361
2023-07-14,0.0766991757217766,0.0926904097239231,0.0930390549614147,0.0786941492298492,0.0962530546561243,0.0986339756004184,0.0946194501916844,0.1334
2023-07-17,0.0771583704171786,0.0958093566376086,0.0963952721436112,0.0803177996617728,0.097643050630757,0.0999537249878256,0.0969961461456142,0.1348
2023-07-18,0.0617785841334268,0.0991593208908372,0.0994703661225567,0.0794402880618699,0.0963824655462669,0.098742151716376,0.0983236843749214,0.133
2023-07-19,0.0594833760800861,0.0884996275714194,0.089345638952901,0.0808082535191871,0.101539602710009,0.104058517480846,0.0848483355067303,0.1376
2023-07-20,0.0575794348649055,0.0894978105974802,0.090100252237669,0.0819979687304472,0.107087850582502,0.109321589349667,0.0770091633053521,0.1399
2023-07-21,0.0904412163921221,0.0818070938200369,0.0825761470125017,0.0781460627748003,0.103289247364157,0.105309120717627,0.0766991757217766,0.136
2023-07-24,0.0864364899102989,0.0873513321242959,0.088203942145699,0.0812121714400393,0.105782044390953,0.107780846553201,0.0771583704171786,0.1391
2023-07-25,0.086209174533036,0.0810662193570255,0.0817879009005419,0.0788017551411626,0.105025204063072,0.10709253639343,0.0617785841334268,0.1386
2023-07-26,0.131222801974838,0.07271868938072,0.0737406484964214,0.0729343819216306,0.099497275908914,0.100800648504495,0.0594833760800861,0.1319
2023-07-27,0.124312793597691,0.0802213248593853,0.0811347153691116,0.0821582296214601,0.109459240309064,0.111588127891834,0.0575794348649055,0.1441
2023-07-28,0.109578411262228,0.0911567437230098,0.0929385810316913,0.0787059697205198,0.0999021809763011,0.100390799830144,0.0904412163921221,0.1333
2023-07-31,0.126358178453641,0.0855783922237353,0.0868072808645695,0.0797593299305099,0.102830730523444,0.104203012846159,0.0864364899102989,0.1363
2023-08-01,0.128483700697681,0.0864921995510963,0.0878003730986491,0.0820298486933231,0.10649160884714,0.107666477705829,0.086209174533036,0.1393
2023-08-02,0.0960944704770029,0.103537201793759,0.10451099085159,0.102839494686083,0.133486452454893,0.135672282111944,0.131222801974838,0.1609
2023-08-03,0.0943889439038459,0.0975911280362334,0.0983491244117945,0.100204117607176,0.127307691950382,0.12964823093279,0.124312793597691,0.1592
2023-08-04,0.0868546122094366,0.0966061823677593,0.0971011143230024,0.108069012813722,0.142132980448431,0.1447251044866,0.109578411262228,0.171
2023-08-07,0.0716466460653093,0.102528345986565,0.10286109435805,0.0998201737711007,0.126140487878065,0.127868131747879,0.126358178453641,0.1577
2023-08-08,0.105050440786795,0.10136056674186,0.101574880408687,0.101454676021918,0.130055930354557,0.132210239099708,0.128483700697681,0.1599
2023-08-09,0.106863690868048,0.0959240998459536,0.0955686315369457,0.0983359679882453,0.126517865172921,0.130050884781355,0.0960944704770029,0.1596
2023-08-10,0.120158979932078,0.0863865520696669,0.0857320833573068,0.0962539798816152,0.12288060680236,0.127231463134792,0.0943889439038459,0.1585
2023-08-11,0.119923186090077,0.086022778827647,0.0856543431422854,0.0884656585718835,0.111604823676955,0.114856848702712,0.0868546122094366,0.1484
2023-08-14,0.122854826923435,0.0838930510208698,0.0836728538540858,0.0868762893932855,0.111931731475763,0.115073144356653,0.0716466460653093,0.1482
2023-08-15,0.0931677021099186,0.0995478135581204,0.0987377304980706,0.103171704161311,0.131553997227393,0.135691804879497,0.105050440786795,0.1646
2023-08-16,0.108914227408866,0.100217222092968,0.0992528454567869,0.105716355017466,0.134560914279358,0.139025884363717,0.106863690868048,0.1678
2023-08-17,0.134512395163008,0.103941802951295,0.103105812130476,0.115615790543707,0.148469765361435,0.153093772029695,0.120158979932078,0.1789
2023-08-18,0.142660096231046,0.0937355036781774,0.0931316079475291,0.109691941475309,0.142684281027244,0.146989943832776,0.119923186090077,0.173
2023-08-21,0.141240089129402,0.10413512940513,0.103345605148055,0.109981948550683,0.140129724854201,0.144009646904742,0.122854826923435,0.1713
2023-08-22,0.173250684654068,0.0943092513512473,0.0930723250482399,0.105268872556953,0.133854953908129,0.139290593482421,0.0931677021099186,0.1697
2023-08-23,0.15707464808808,0.105038311834022,0.103084782934258,0.100241981924666,0.120857800415682,0.126530907455525,0.108914227408866,0.1598
2023-08-24,0.124693256878814,0.116869373214254,0.114197966284124,0.112356223684743,0.13595133452204,0.142751004453908,0.134512395163008,0.172
2023-08-25,0.115982003774746,0.117832163726724,0.115066932445578,0.101074308927286,0.120494141127052,0.125994339167879,0.142660096231046,0.1568
2023-08-28,0.111249806761841,0.117227038239069,0.114242131077209,0.0963394280700888,0.115214480190288,0.120353219315533,0.141240089129402,0.1508
2023-08-29,0.066229790295147,0.129759861932154,0.126367633648619,0.093968526880386,0.104921294628177,0.109587070697175,0.173250684654068,0.1445
2023-08-30,0.0645764195217997,0.122293982267898,0.118826140425509,0.0882610490186797,0.102156587823049,0.106514879781795,0.15707464808808,0.1388
2023-08-31,0.0643723856743323,0.111935016146396,0.108197152594305,0.0835596401434041,0.0942962969772541,0.0993865012684823,0.124693256878814,0.1357
2023-09-01,0.079019577050681,0.105718902403069,0.103147785564873,0.0792431996488579,0.0900407852140517,0.0936932424863525,0.115982003774746,0.1309
2023-09-05,0.0836555445025687,0.107324779928234,0.104558720769684,0.0860020904764429,0.0996663362510885,0.103688367175629,0.111249806761841,0.1401
2023-09-06,0.0678901949808968,0.0941563565418015,0.0911534338752235,0.0844240910034014,0.107623431207718,0.112450891781469,0.066229790295147,0.1445
2023-09-07,0.0874029085435919,0.0902802184208533,0.087295708652033,0.0836038178226863,0.108497229222254,0.113295969646563,0.0645764195217997,0.144
2023-09-08,0.122802082652044,0.0880890961905367,0.0852730087204552,0.0795255159055691,0.103461879162033,0.107891581070251,0.0643723856743323,0.1384
2023-09-11,0.113328787575993,0.0968991571612815,0.0940180809217657,0.0813650152395977,0.102080098139655,0.106043109275794,0.079019577050681,0.138
2023-09-12,0.10692353370939,0.098845753793713,0.0958192321298231,0.0849391501311997,0.1072609946478,0.111693986303116,0.0836555445025687,0.1423
2023-09-13,0.125879342833217,0.0897101951497574,0.0867904847757147,0.077512676222435,0.0970652998853853,0.101456799546927,0.0678901949808968,0.1348
2023-09-14,0.161483109755734,0.101905557787386,0.0986801176338,0.0754480045331425,0.0896731471352927,0.0933615488576923,0.0874029085435919,0.1282
2023-09-15,0.137111250017466,0.113695381195636,0.11045187598393,0.0855548341209088,0.103485557104556,0.107026108460506,0.122802082652044,0.1379
2023-09-18,0.139949134321633,0.102344046746962,0.0996587488671605,0.0856796633476333,0.107480250927867,0.111195236231872,0.113328787575993,0.14
2023-09-19,0.174521034993615,0.102064851675613,0.0996368438287997,0.0861039969433335,0.106462319678126,0.110114157874966,0.10692353370939,0.1411
2023-09-20,0.161151086885712,0.113193090442522,0.109843118753174,0.0958328231485038,0.121866470433341,0.126672680587884,0.125879342833217,0.1514
2023-09-21,0.118012385465489,0.129009820777323,0.124800502678066,0.117913761737813,0.155230759045321,0.16076516050855,0.161483109755734,0.1754
2023-09-22,0.11845556631888,0.117248115281788,0.113331212846588,0.112574963529911,0.146698296716731,0.152907021734185,0.137111250017466,0.172
2023-09-25,0.114976389215915,0.117167902066117,0.113785375091976,0.110505163693845,0.139418633246459,0.144425232462966,0.139949134321633,0.169
2023-09-26,0.108476257009247,0.12980038112232,0.126593537172299,0.130225335717478,0.166069996118176,0.171176090502846,0.174521034993615,0.1894
2023-09-27,0.122688697669898,0.11351274133897,0.110900997142456,0.12190757284041,0.153854683275828,0.159088019485925,0.161151086885712,0.1822
2023-09-28,0.115750956579908,0.112370109279093,0.109468497006608,0.111927601335975,0.132227701098654,0.137811283362125,0.118012385465489,0.1734
2023-09-29,0.141352213933979,0.105585503372787,0.103724830817452,0.112858961959923,0.133442667428,0.138441618459734,0.11845556631888,0.1752
2023-10-02,0.148224087555604,0.0956485015992893,0.0941440232919681,0.112166065508205,0.135541694908991,0.140519399981998,0.114976389215915,0.1761
2023-10-03,0.116949636953557,0.111442095186047,0.108730829551563,0.130038270832569,0.152249581654364,0.159601520743476,0.108476257009247,0.1978
2023-10-04,0.106367520775902,0.115268995715408,0.112079019342569,0.122401970876548,0.138551872145636,0.144901385846883,0.122688697669898,0.1858
2023-10-05,0.11492190860501,0.108100682347071,0.105208945133995,0.120311600276491,0.14020927867403,0.146250519371218,0.115750956579908,0.1849
2023-10-06,0.0867743423381391,0.122794093413865,0.119462036673289,0.115613690014815,0.126611675141393,0.131736812999399,0.141352213933979,0.1745
2023-10-09,0.105532402153551,0.123227134670199,0.119724744122388,0.118037164657643,0.126822769829348,0.132569618224343,0.148224087555604,0.177
2023-10-10,0.0988820624944792,0.115245788607132,0.111703642422208,0.109847666314008,0.113019241107455,0.119160392207545,0.116949636953557,0.1703
2023-10-11,0.134257531045698,0.111134726272241,0.107809427772007,0.101546333093522,0.108269571731937,0.113712211262766,0.106367520775902,0.1609
2023-10-12,0.140370865009775,0.114788244178459,0.111355370360975,0.107073639122766,0.114264263008777,0.119904863575896,0.11492190860501,0.1669
2023-10-13,0.162826825196497,0.105930902885761,0.102380044030899,0.123489950979021,0.141709652812015,0.150349802478136,0.0867743423381391,0.1932
2023-10-16,0.145115318893383,0.114813596267757,0.111002264785216,0.110251280845269,0.122867345478718,0.12901028963238,0.105532402153551,0.1721
2023-10-17,0.153946238788417,0.097797547957077,0.0952929299819187,0.112912417779259,0.12981039686001,0.135997380685063,0.0988820624944792,0.1788
2023-10-18,0.158243970200581,0.124311658975963,0.120666126079048,0.129176642547799,0.149526154198174,0.155617811104552,0.134257531045698,0.1922
2023-10-19,0.168891318813952,0.125903846428882,0.121985288842764,0.147386597161037,0.168103325241369,0.176091041484925,0.140370865009775,0.214
2023-10-20,0.146992295289672,0.134093448287645,0.130099862336066,0.152651577675947,0.175915288138898,0.183187056535492,0.162826825196497,0.2171
2023-10-23,0.169253532952645,0.117950280272669,0.115627670697612,0.138589518178613,0.169234584149549,0.17373207834702,0.145115318893383,0.2037
2023-10-24,0.167644588395206,0.125371763614746,0.122767274564725,0.128760497351091,0.152707818771311,0.156239255908893,0.153946238788417,0.1897
2023-10-25,0.151972780029636,0.132791510286535,0.129477932852225,0.139620940491276,0.163758894416673,0.168349107681461,0.158243970200581,0.2019
2023-10-26,0.183158840570628,0.132888053339007,0.130386587743995,0.144479899312669,0.171482903705301,0.175411127314769,0.168891318813952,0.2068
2023-10-27,0.191797197267507,0.125465743867398,0.122949836879531,0.146814156939709,0.171662072366996,0.176953227016175,0.146992295289672,0.2127
2023-10-30,0.172503079027185,0.135823712660302,0.132879968056515,0.137024982588053,0.152340355729547,0.15682067045921,0.169253532952645,0.1975
2023-10-31,0.167520989204714,0.134139434322893,0.130947533161556,0.123581683215009,0.139113787559009,0.142652368740961,0.167644588395206,0.1814
2023-11-01,0.15036316017891,0.134162066651945,0.130591677244678,0.112436334203395,0.117811923158812,0.121588113948219,0.151972780029636,0.1687
2023-11-02,0.0913085970355255,0.146619144925346,0.14315657822698,0.105314038806425,0.101690406381912,0.105119222377429,0.183158840570628,0.1566
2023-11-03,0.126622336574808,0.146648394301827,0.142920907662135,0.0997538796013917,0.0915907629998558,0.0949695368420913,0.191797197267507,0.1491
2023-11-06,0.126150094902896,0.136972899761357,0.133446340589221,0.0981674447979734,0.0938747618213057,0.0971328347367101,0.172503079027185,0.1489
2023-11-07,0.18303783658018,0.134974426918245,0.131951674494575,0.0971975959846812,0.0950453608302463,0.0980243680831584,0.167520989204714,0.1481
2023-11-08,0.183249421559804,0.127133971558006,0.124224607235948,0.0930862250438167,0.0961774455453021,0.0990252336497615,0.15036316017891,0.1445
2023-11-09,0.174158648318375,0.116321378202368,0.113108785945709,0.0945871442997526,0.107586414024423,0.110781060784241,0.0913085970355255,0.1529
2023-11-10,0.135322013896845,0.133375387872125,0.129482411766475,0.089835269687283,0.0988515036960077,0.10120587779522,0.126622336574808,0.1417
2023-11-13,0.144945813122364,0.124044326926891,0.120673897166101,0.0937811291857757,0.104074530652726,0.106677139886333,0.126150094902896,0.1476
2023-11-14,0.0567551910352593,0.153922122575302,0.149434414090932,0.0937093355372964,0.0959780727356945,0.0981823636885036,0.18303783658018,0.1416
2023-11-15,0.0626151705359791,0.143787780409739,0.140046557948332,0.0934269028274449,0.0962788161422697,0.0984186274484944,0.183249421559804,0.1418
2023-11-16,0.0621874542059172,0.140794792189006,0.136813430973669,0.093951611809881,0.0946469927059184,0.0974725954295654,0.174158648318375,0.1432
2023-11-17,0.0630665890257896,0.128493065157654,0.125151036078574,0.087337092991494,0.0939822073842077,0.0961415116335686,0.135322013896845,0.138
2023-11-20,0.0359623501709378,0.136059596350058,0.132572736273736,0.085284873361243,0.0892747841547137,0.0913146167754642,0.144945813122364,0.1341
2023-11-21,0.0336481566479337,0.0991306745128319,0.096433212396111,0.0762430440728728,0.0894113601913036,0.0915622257599509,0.0567551910352593,0.1335
2023-11-22,0.0319895485137247,0.103762071657866,0.100897599700707,0.073745720115363,0.0855598071018328,0.0874214729978326,0.0626151705359791,0.1285
2023-11-24,0.052288206814287,0.0984321462092417,0.0959194326627467,0.0707831009375279,0.0824742800950062,0.0839809619041671,0.0621874542059172,0.1246
2023-11-27,0.063431084057495,0.0985645046953581,0.0965274901478909,0.0724583126766206,0.0848467688985245,0.086070439719251,0.0630665890257896,0.1269
2023-11-28,0.0631779818158542,0.0808271064453973,0.0790390472393716,0.0679341524424025,0.0829146965634036,0.0844383920207819,0.0359623501709378,0.1269
2023-11-29,0.0686898741292722,0.0789499846565394,0.0771793428669991,0.0692542015368397,0.0842623598282985,0.0860542525478438,0.0336481566479337,0.1298
2023-11-30,0.0846994366946,0.0784989057201866,0.0770635097140734,0.0685489076572458,0.0832334202350133,0.0846766065528088,0.0319895485137247,0.1292
2023-12-01,0.0792919386130837,0.0910698826950009,0.0894790154883434,0.0704813155571497,0.0816730442689833,0.0827532099895407,0.052288206814287,0.1263
2023-12-04,0.0746869031601019,0.094032374667386,0.0928406109906319,0.074556899132255,0.0862918884112876,0.086999785681837,0.063431084057495,0.1308
2023-12-05,0.0813822274173643,0.0822362415782689,0.0829536194645854,0.0725221389189458,0.08520389294249,0.0845594100019249,0.0631779818158542,0.1285
2023-12-06,0.12294765983417,0.0863774556085725,0.0875992810840465,0.0741492624482299,0.0882785275529481,0.0871942151962889,0.0686898741292722,0.1297
2023-12-07,0.11087678433041,0.0949253139630376,0.0960612023566853,0.076707633964729,0.0884755869531988,0.0874385092808869,0.0846994366946,0.1306
2023-12-08,0.107014316583718,0.0919054489680686,0.0928688936781273,0.0711385618763892,0.0835036845584736,0.082350774404458,0.0792919386130837,0.1235
2023-12-11,0.108201970582839,0.0905821735475593,0.0914072693210655,0.0725859643750012,0.0831606666202379,0.0825671177921867,0.0746869031601019,0.1263
2023-12-12,0.111224024320144,0.0920751639950877,0.0932987940872764,0.0693994462419242,0.0785775802194426,0.0776562209476109,0.0813822274173643,0.1207
2023-12-13,0.118891141921957,0.104734360159549,0.107147157511549,0.0736854211694897,0.0759164396848725,0.0745729037042104,0.12294765983417,0.1219
2023-12-14,0.138118732341139,0.0980052194611482,0.100150773008024,0.0747628599177652,0.079383550329718,0.0781962907699762,0.11087678433041,0.1248
2023-12-15,0.138618746529143,0.0777604019645586,0.082428639894551,0.0723164176344887,0.0795417345057137,0.0763442012445064,0.107014316583718,0.1228
2023-12-18,0.13814861236505,0.0866139347745838,0.0913785033065877,0.0747765600109141,0.0804922851310409,0.0774801823216653,0.108201970582839,0.1256
2023-12-19,0.132150079503857,0.0892380751625485,0.0935765281877416,0.074869887653466,0.0801365176755914,0.0775170233918637,0.111224024320144,0.1253
2023-12-20,0.0802568159385613,0.101248234108801,0.104296888088922,0.0841449466262533,0.097298521843326,0.0947026927388139,0.118891141921957,0.1367
2023-12-21,0.0393832452745696,0.10657579891939,0.109662085259776,0.0854790975008962,0.0953806830653904,0.0929567797093552,0.138118732341139,0.1365
2023-12-22,0.055104335663527,0.102190682449763,0.105080908389004,0.0807005342270587,0.0896182175792064,0.0872118898153125,0.138618746529143,0.1303
2023-12-26,0.0735030731623737,0.104394328687929,0.106794276721573,0.0804606044850012,0.0886478618005487,0.0865930432474773,0.13814861236505,0.1299
2023-12-27,0.0767734325376968,0.100529089755048,0.102827569807707,0.0758318922761953,0.0856769736022886,0.0834092101515799,0.132150079503857,0.1243
2023-12-28,0.0778134799746549,0.0841735615658537,0.085802813708265,0.0717647240064358,0.0800701869807878,0.0790461731842178,0.0802568159385613,0.1247
2023-12-29,0.12470817169499,0.07195605580115,0.0725366768036398,0.066157254253858,0.0783598295710711,0.0780398370645764,0.0393832452745696,0.1245
2024-01-02,0.118483160147883,0.0814002165285926,0.0821047443486512,0.0738546396794099,0.0880087643531049,0.0874661848337081,0.055104335663527,0.132
2024-01-03,0.111275321941692,0.0905419865811134,0.0912325061475377,0.0822950842596518,0.100618712090232,0.0998151382201521,0.0735030731623737,0.1404
2024-01-04,0.108675993322557,0.0892753613302081,0.090180803079629,0.0835527947712628,0.102833065625646,0.101710239827211,0.0767734325376968,0.1413
2024-01-05,0.108033305896415,0.0876911922534123,0.0887878173558144,0.0781424057496114,0.0952452174545911,0.0936871398473746,0.0778134799746549,0.1335
2024-01-08,0.0497448996433556,0.11105634948377,0.111237385928097,0.0809603377617643,0.0911631653948022,0.0903210599440271,0.12470817169499,0.1308
2024-01-09,0.0629553964592378,0.103674070231338,0.103831734744788,0.0779442224449935,0.0873953668632203,0.0867137479176222,0.118483160147883,0.1276
2024-01-10,0.0789179164391221,0.104101408545235,0.104442831824363,0.0769516794682398,0.0827647162509697,0.0823843416198912,0.111275321941692,0.1269
2024-01-11,0.117277515646697,0.0981392321410263,0.0983384414869138,0.0747625414707017,0.07973155649215,0.0794944627675015,0.108675993322557,0.1244
2024-01-12,0.118185249204939,0.0978436662158821,0.0980522872739356,0.0765669439215231,0.0805783554060773,0.0803272976523214,0.108033305896415,0.127
2024-01-16,0.117014127450016,0.0806841456714959,0.0803911507157167,0.0775680144685744,0.0885666506890773,0.0891255738209668,0.0497448996433556,0.1384
2024-01-17,0.110120103883101,0.0835587361615653,0.0843518426223676,0.0861581812712854,0.0997389933167237,0.0996683857090571,0.0629553964592378,0.1479
2024-01-18,0.0981846403484766,0.0920616690809357,0.092641384203062,0.0839117892730967,0.0943743433282572,0.0940401551601542,0.0789179164391221,0.1413
2024-01-19,0.0459669407499278,0.108355709670439,0.108489352182138,0.0819650985573213,0.0874794339941525,0.0871850323083075,0.117277515646697,0.133
2024-01-22,0.0687554243778387,0.104077616564601,0.1041450329576,0.0810716424685931,0.0868713427117314,0.0867380941525562,0.118185249204939,0.1319
2024-01-23,0.0657009622949447,0.103773774963036,0.104017378857164,0.076328387378911,0.0790264310523207,0.0786288010015113,0.117014127450016,0.1255
2024-01-24,0.132553879168794,0.0930396482805742,0.0944272532616275,0.0797117043840676,0.0815077619462045,0.0810180830354646,0.110120103883101,0.1314
2024-01-25,0.154767867062838,0.0913575203859474,0.0931463920709943,0.0809225015201912,0.0833530198427146,0.0826416090521355,0.0981846403484766,0.1345
2024-01-26,0.17211722420041,0.0697377322386815,0.0705298210106245,0.0726350431244822,0.0819193910988996,0.0819605554368477,0.0459669407499278,0.1326
2024-01-29,0.165170197284575,0.0840554277869844,0.0849879015304352,0.0787206281398628,0.085279958233379,0.0852643112753634,0.0687554243778387,0.136
2024-01-30,0.165925940852044,0.078310819341429,0.0791334256723531,0.0761158789303203,0.0853788699516198,0.0854090966547674,0.0657009622949447,0.1331
2024-01-31,0.132813916808444,0.111948594396677,0.111437247133412,0.090999273565426,0.10196462153402,0.102115532670076,0.132553879168794,0.1435
2024-02-01,0.0994287235901414,0.120527497433751,0.119075954071167,0.0891798778311707,0.0979614874270167,0.0985824368765464,0.154767867062838,0.1388
2024-02-02,0.076458181659222,0.12605099288465,0.124322583196692,0.090118677829825,0.0953581892603317,0.0963253788778113,0.17211722420041,0.1385
2024-02-05,0.0733344106322425,0.119485195751657,0.117830487929738,0.0882274465925217,0.0960840549649127,0.0967159186610957,0.165170197284575,0.1367
2024-02-06,0.121095411429254,0.118613216767193,0.116929785850702,0.0836012712379463,0.0904733159713955,0.0909371344031859,0.165925940852044,0.1306
2024-02-07,0.12589759038598,0.116066770873289,0.11368138028921,0.0799126862219733,0.0815146939073364,0.0831122934789951,0.132813916808444,0.1283
2024-02-08,0.132407834524835,0.0963177112443341,0.0944865854478712,0.076831424050974,0.0829045855605803,0.0845414594348786,0.0994287235901414,0.1279
2024-02-09,0.130567496077048,0.0947626969115541,0.0924137667883509,0.0756398855435713,0.0832700649789871,0.0853210563498179,0.076458181659222,0.1293
2024-02-12,0.137226204330352,0.0892906254678296,0.0872618942318156,0.08217523385093,0.0904028534941202,0.0931376708822049,0.0733344106322425,0.1393
2024-02-13,0.0967310518247794,0.114175219330283,0.111175629270086,0.101658704249841,0.113945758565287,0.117320273021107,0.121095411429254,0.1585
2024-02-14,0.163697501725065,0.116616261943285,0.113312069003485,0.0910338731932513,0.100751093304715,0.103085235387793,0.12589759038598,0.1438
2024-02-15,0.158445391944016,0.117455717477176,0.113981138019256,0.0887662176834784,0.0971451474934427,0.0995328585376996,0.132407834524835,0.1401
2024-02-16,0.157041096877591,0.116310188908258,0.112285634533714,0.0903445240794252,0.102378681061985,0.105186351303558,0.130567496077048,0.1424
2024-02-20,0.151590897739492,0.117625435213949,0.113930525645086,0.0998267711921389,0.114129106299576,0.117306348569296,0.137226204330352,0.1542
2024-02-21,0.151783213656379,0.099629159247619,0.0961297978006089,0.095186736630997,0.106757514175867,0.111309885908181,0.0967310518247794,0.1534
2024-02-22,0.0488644888749038,0.133835944768998,0.128302623212662,0.0952447437976188,0.100225266894152,0.104123557785853,0.163697501725065,0.1454
2024-02-23,0.0747519491878528,0.120879227444799,0.116025064261083,0.08869443944874,0.0969716727795238,0.100321833739053,0.158445391944016,0.1375
2024-02-26,0.0702442228395073,0.127440480317673,0.122202058191382,0.088599424036302,0.0958772417219641,0.0991932867629288,0.157041096877591,0.1374
2024-02-27,0.1003898083691,0.123437162190429,0.11832768288455,0.0858512105382647,0.0909648430658441,0.094317611180115,0.151590897739492,0.1343
2024-02-28,0.106135009107694,0.123455123877228,0.118330961631998,0.0889861893944381,0.0947922793000275,0.0983693521004841,0.151783213656379,0.1384
2024-02-29,0.123248968798197,0.0911569487985083,0.086778455904978,0.075378112575674,0.0889637097644816,0.0929044991330734,0.0488644888749038,0.134
2024-03-01,0.118938380012036,0.104994782413592,0.100133994208606,0.0770974044676677,0.0863698207156478,0.0897575525828955,0.0747519491878528,0.1311
2024-03-04,0.118903458669943,0.0944151513372129,0.0911339758754332,0.0789746695173754,0.0893318066941864,0.09252210412458,0.0702442228395073,0.1349
2024-03-05,0.122889146235188,0.108622765130766,0.105589579252781,0.0892942600793714,0.102303343419403,0.105024938571729,0.1003898083691,0.1446
2024-03-06,0.118167081043015,0.10677319394299,0.104404508410229,0.0905140965282958,0.102284257881701,0.104827917020865,0.106135009107694,0.145
2024-03-07,0.0953075407786852,0.115327086065775,0.112533918781414,0.0917337310245154,0.100564766689949,0.103099025849489,0.123248968798197,0.1444
2024-03-08,0.0951488375192799,0.113902874975408,0.110937244923262,0.0936324663653859,0.10699595011819,0.109414567143638,0.118938380012036,0.1474
2024-03-11,0.104828281601728,0.108116107664791,0.105659283995664,0.0971468349449357,0.112126488016392,0.114809732236073,0.118903458669943,0.1522
2024-03-12,0.0795883200008589,0.117592367544917,0.114465978047249,0.0873329902933878,0.0939065257450388,0.096331414224034,0.122889146235188,0.1384
2024-03-13,0.100537771946098,0.111284737775825,0.10848540948864,0.086248809112569,0.0953631087235954,0.0975361320091237,0.118167081043015,0.1375
2024-03-14,0.101081459895713,0.105837734154759,0.102821728419596,0.0888495566765044,0.102608426929603,0.10521120531644,0.0953075407786852,0.144
2024-03-15,0.0904692496821448,0.104563240486982,0.102407668740818,0.0887589474839669,0.102635265814413,0.104642426006086,0.0951488375192799,0.1441
2024-03-18,0.0815921105817141,0.106180038394666,0.104434066885793,0.0891092201406409,0.100038474890839,0.101810590262014,0.104828281601728,0.1433
2024-03-19,0.0738517408231847,0.0979886538634635,0.0962132957990705,0.0827386571163587,0.0955769782552033,0.0971522543623785,0.0795883200008589,0.1382
2024-03-20,0.0722184991964043,0.10697102909802,0.104611161598189,0.0794318666177684,0.0867047202250234,0.0881418141479508,0.100537771946098,0.1304
2024-03-21,0.0689347878320165,0.104198313460793,0.102096199812048,0.0785966041108023,0.0850022905427863,0.0865059145483484,0.101081459895713,0.1292
2024-03-22,0.0696959071025495,0.0991715565850933,0.0971186917261527,0.0785918593451257,0.0848271223221357,0.0867377293480881,0.0904692496821448,0.1306
2024-03-25,0.0839412408369005,0.087292633698871,0.0880036792807793,0.0780695934635438,0.0858272359658944,0.0857603497457301,0.0815921105817141,0.1319
2024-03-26,0.0819138072232668,0.0849428017798009,0.0854584466902681,0.0775379259418157,0.0882638495725787,0.0881976331867293,0.0738517408231847,0.1324
2024-03-27,0.103687517607093,0.0882132350048776,0.0879326199337874,0.0742741787690589,0.0845977962776799,0.0849243375719518,0.0722184991964043,0.1278
2024-03-28,0.129726754210801,0.0831977358957486,0.0827509293681804,0.0754389062183138,0.0880299124220561,0.088791084999131,0.0689347878320165,0.1301
2024-04-01,0.128962598984442,0.0845830204886895,0.0841126470129302,0.0799205638342105,0.0932813262790473,0.0943767019854446,0.0696959071025495,0.1365
2024-04-02,0.118642718003776,0.0924004035428879,0.0918698296975742,0.0884702894671944,0.102265911839824,0.103499977534768,0.0839412408369005,0.1461
2024-04-03,0.136259512245426,0.0862921545262751,0.0862805916543803,0.0861415473313745,0.0988862080273747,0.0997789154123482,0.0819138072232668,0.1433
2024-04-04,0.116516922402154,0.101837081924566,0.101096446223348,0.103601441760176,0.124291314991628,0.125738209443777,0.103687517607093,0.1635
2024-04-05,0.135143315239843,0.108476804072725,0.108069278013124,0.103993198944447,0.119612013604416,0.120605613891323,0.129726754210801,0.1603
2024-04-08,0.160089175835098,0.0998191547929358,0.0996481666027063,0.0973431480135984,0.113135323503073,0.113771042822856,0.128962598984442,0.1519
2024-04-09,0.160427535100271,0.097438197895879,0.0978034578733572,0.0947679580427554,0.107796491108505,0.108340323154425,0.118642718003776,0.1498
2024-04-10,0.151262680325396,0.107100597078138,0.107351147565388,0.102652200312154,0.119545426741751,0.119994495096629,0.136259512245426,0.158
2024-04-11,0.142667170539423,0.103552605002925,0.103389758398988,0.0943385821041212,0.10371915680512,0.104780943595643,0.116516922402154,0.1491
2024-04-12,0.115871123497172,0.112243644800708,0.11150696591768,0.114426073296301,0.134631986302189,0.1364317558049,0.135143315239843,0.1731
2024-04-15,0.0993133288783565,0.121228944156994,0.119921933084063,0.132152811616922,0.157572051714704,0.160128774282791,0.160089175835098,0.1923
2024-04-16,0.129533896518882,0.116566909733315,0.115325688269006,0.125400103269211,0.151821745115439,0.153706885910788,0.160427535100271,0.184
2024-04-17,0.122830848130386,0.11707662486974,0.115891433225399,0.123134530228409,0.148389796629631,0.150330762704585,0.151262680325396,0.1821
2024-04-18,0.126101290339089,0.1118705229158,0.11096320611431,0.120547568696051,0.150306217807147,0.151518780602357,0.142667170539423,0.18
2024-04-19,0.131152621315166,0.109942553336406,0.108697725297453,0.123395874385606,0.152630452242605,0.155154343086866,0.115871123497172,0.1871
2024-04-22,0.117896733316982,0.105208244769425,0.104017781827604,0.107976544417931,0.126599113673189,0.128904148452291,0.0993133288783565,0.1694
2024-04-23,0.139429664704684,0.117307618625801,0.115517048367317,0.101922089405075,0.110837239780995,0.112622393077055,0.129533896518882,0.1569
2024-04-24,0.141545899788545,0.105760708679426,0.103894884923625,0.103175248609805,0.112161609833269,0.114936905527723,0.122830848130386,0.1597
2024-04-25,0.152107015239285,0.114241007093842,0.112119702063382,0.0991529859321745,0.107370847929161,0.109513394953853,0.126101290339089,0.1537
2024-04-26,0.160576175398652,0.119708777382318,0.11717438245498,0.0971859492900272,0.099607585527021,0.10225135411664,0.131152621315166,0.1503
2024-04-29,0.174917788367591,0.11190183115456,0.109854053881344,0.0932075619503435,0.0988365625644409,0.101078003569803,0.117896733316982,0.1467
2024-04-30,0.134225867462651,0.127021125551067,0.123927874357145,0.102834943800676,0.116514157469919,0.118551316212877,0.139429664704684,0.1565
2024-05-01,0.131983668832836,0.123502685798992,0.120549871741372,0.100926863186397,0.115661747562039,0.117364730217236,0.141545899788545,0.1539
2024-05-02,0.120654832676066,0.129347075358525,0.1261938626173,0.0963707477846684,0.104556435736723,0.106116616131308,0.152107015239285,0.1468
2024-05-03,0.082743150850078,0.135386782284584,0.131720397691336,0.0879929602465713,0.0944906251637163,0.0954361955542452,0.160576175398652,0.1349
2024-05-06,0.0391188195990089,0.137497020445635,0.133752302767503,0.0892765963615647,0.0937622097112732,0.0950026222939553,0.174917788367591,0.1349
2024-05-07,0.051120637237282,0.120005692596755,0.116776189443609,0.0845674928941161,0.0868543292057851,0.0888570692259665,0.134225867462651,0.1323
2024-05-08,0.0972174992884955,0.106532825124439,0.103565790899535,0.0827968742670407,0.0861215451173045,0.0884834469925438,0.131983668832836,0.13
2024-05-09,0.0914903591907494,0.120183688290148,0.116458637794962,0.0795683702685503,0.0818289960708562,0.0837555241577321,0.120654832676066,0.1269
2024-05-10,0.0911147651284353,0.104015909382472,0.100910428112093,0.0751217797878512,0.0819976367275197,0.0838067611677921,0.082743150850078,0.1255
2024-05-13,0.0913304674503065,0.0800755984411579,0.077372403320965,0.0755647744751661,0.0895520721183723,0.0927598203040345,0.0391188195990089,0.136
2024-05-14,0.0864988309838972,0.088781692518598,0.0867255508817786,0.0765454765117713,0.0873732536471516,0.0894689715743121,0.051120637237282,0.1342
2024-05-15,0.0318463339165685,0.108247990059592,0.106512891177385,0.0755893656674827,0.0801802045682849,0.081016306538055,0.0972174992884955,0.1245
2024-05-16,0.0596768963865008,0.102632885263474,0.100998432222435,0.0748740993864313,0.0822574094939122,0.0830100996919579,0.0914903591907494,0.1242
2024-05-17,0.0771111793089043,0.100609978354987,0.09878762342386,0.0718153620836622,0.0792528798477675,0.0800005531802098,0.0911147651284353,0.1199
2024-05-20,0.0768567879179419,0.100089031646653,0.0981070648637909,0.0729507470257312,0.0799239380150043,0.0809154393375844,0.0913304674503065,0.1215
2024-05-21,0.091367295367009,0.0991533612721789,0.0974465157019938,0.0704019408424211,0.0779605568502015,0.0786154334413605,0.0864988309838972,0.1186
2024-05-22,0.098934502075816,0.0737221864928295,0.0721801021533972,0.0652435968100441,0.080011835854436,0.0814666489020803,0.0318463339165685,0.1229
2024-05-23,0.101214106871252,0.0880747696008722,0.087124127600729,0.0732883509919187,0.0879919428725916,0.0884569696944135,0.0596768963865008,0.1277
2024-05-24,0.0886222379626288,0.095717836388989,0.0946709164366299,0.0698219016042327,0.0815149300864253,0.0815215767496972,0.0771111793089043,0.1193
2024-05-28,0.0892436950695247,0.0887153732758747,0.0870194215396506,0.0766037109067168,0.0898779208675377,0.0912760474059873,0.0768567879179419,0.1292
2024-05-29,0.11045511461906,0.0988258698676016,0.0974139057308847,0.0876772052179745,0.10288604993633,0.104076572394251,0.091367295367009,0.1428
2024-05-30,0.101942273623897,0.101293737062716,0.0997940282206134,0.0899050568398909,0.106475215809167,0.107658074904586,0.098934502075816,0.1447
2024-05-31,0.0850453984160579,0.0973742523630626,0.0974058415226982,0.0787643422284761,0.0890568673140911,0.0888035767187568,0.101214106871252,0.1292
2024-06-03,0.0866306090815902,0.0896902204652189,0.0897549547637982,0.078898751035709,0.0925808781060871,0.092427033324115,0.0886222379626288,0.1311
2024-06-04,0.088093490937175,0.0880778613796133,0.0886949599430258,0.0791799567736797,0.0929962614182857,0.0925463083050662,0.0892436950695247,0.1316
2024-06-05,0.0662018139206906,0.0967843438388171,0.0979354498899677,0.0771988398522618,0.0838139160364832,0.083173345789343,0.11045511461906,0.1263
2024-06-06,0.06824271784535,0.0834058433323834,0.0854112045390279,0.0762300074788797,0.083274600303574,0.0823694505114978,0.101942273623897,0.1258
2024-06-07,0.0678390007071689,0.0821774098464444,0.083762855627455,0.072087135441174,0.0810168328669172,0.0800577788537929,0.0850453984160579,0.1222
2024-06-10,0.0848846372742148,0.0843022571922982,0.0858037272012141,0.0757847546907995,0.0840134234447527,0.0833381593092224,0.0866306090815902,0.1274
2024-06-11,0.0845916393301378,0.0841310080037402,0.0855942690679019,0.0766492192278836,0.0849307515404969,0.0844354616593003,0.088093490937175,0.1285
2024-06-12,0.0621637636937789,0.0817916219907722,0.0824427276713799,0.0688513267787022,0.0779266534154901,0.0776406239309404,0.0662018139206906,0.1204
2024-06-13,0.0609189499382851,0.0804575937157178,0.0811229487228716,0.0685106281167568,0.0771941749549538,0.0769419203391126,0.06824271784535,0.1194
2024-06-14,0.064639582317476,0.0766831038273062,0.0772936457963734,0.0733720156917712,0.0837264501339842,0.084059319458004,0.0678390007071689,0.1266
2024-06-17,0.0449106426141432,0.0841331819194496,0.0857139588989844,0.0755081367930493,0.0830653681380992,0.0826833646276392,0.0848846372742148,0.1275
2024-06-18,0.0426823480182995,0.0821881307215682,0.0837433766787757,0.0724641483132551,0.0799917127109197,0.0794338976155342,0.0845916393301378,0.123
2024-06-20,0.0392535770495279,0.0755704809879314,0.0767004505278181,0.0765304373016893,0.088613224907565,0.0886358800277679,0.0621637636937789,0.1328
2024-06-21,0.0475559972265562,0.0744403376661524,0.0754639739335234,0.0758575459945893,0.0890461004083235,0.0890253405590449,0.0609189499382851,0.132
2024-06-24,0.046329629986229,0.0768743941509031,0.0778668122226204,0.0772029703004272,0.0909694247058503,0.0909207490603091,0.064639582317476,0.1333
2024-06-25,0.0573773960922786,0.0700262276136473,0.0705353942417649,0.0709299604310149,0.0853947848512627,0.0855867672584772,0.0449106426141432,0.1284
2024-06-26,0.0668135466115366,0.0661371774241802,0.0670264647385056,0.0686221918822029,0.0829141306347673,0.0826329805237778,0.0426823480182995,0.1255
2024-06-27,0.0768818777182269,0.062367530456618,0.0635817859026592,0.0659544492772794,0.0797135204692641,0.0791865008355481,0.0392535770495279,0.1224
2024-06-28,0.0715468265775351,0.0685078984915471,0.0697550206516497,0.0686274690425249,0.0813598450780282,0.0806381655935774,0.0475559972265562,0.1244
2024-07-01,0.069186481289834,0.0657352468086612,0.0673808476744583,0.0669331231231921,0.0775096860982504,0.0765199728901289,0.046329629986229,0.1222
2024-07-02,0.0897941606696495,0.0711197299539289,0.0728926416593701,0.0672840366589808,0.0764759307947776,0.0753364343138455,0.0573773960922786,0.1203
2024-07-03,0.103301068137916,0.0723045957390503,0.0746905218193545,0.0687612458188412,0.0773864656199361,0.0758864505669936,0.0668135466115366,0.1209
2024-07-05,0.103481958367781,0.0765608865630829,0.0788774992679267,0.0725658866524832,0.0796186952651902,0.0783899684722237,0.0768818777182269,0.1248
2024-07-08,0.105156547688246,0.0720654844708939,0.0740935124836468,0.0711527606682913,0.0772595073374793,0.0764098912586722,0.0715468265775351,0.1237
2024-07-09,0.114344687494201,0.0645679099371393,0.0680180047679106,0.0713799998975243,0.0780823348514699,0.0759778287253675,0.069186481289834,0.1251
2024-07-10,0.133380038111178,0.0788948067331509,0.0815019802481109,0.0760149835734815,0.0804918987327357,0.0794262370813353,0.0897941606696495,0.1285
2024-07-11,0.130342922723352,0.0854166617536528,0.0872320857773068,0.0779664787605025,0.0846847962781868,0.0836785973705984,0.103301068137916,0.1292
2024-07-12,0.13435661955778,0.0856541568704531,0.0872942342542196,0.0748564169115077,0.0809081693177462,0.0797986546325925,0.103481958367781,0.1246
2024-07-15,0.153158433869233,0.0848825719208274,0.0865464044552578,0.0797046767093979,0.08512975984706,0.0842774876657066,0.105156547688246,0.1312
2024-07-16,0.146750080376809,0.0869753006412588,0.0889473920695905,0.0808024082152011,0.0850225279985235,0.0842118934517444,0.114344687494201,0.1319
2024-07-17,0.198162294085345,0.100522859163533,0.101044575603025,0.0921328633734434,0.102879573390773,0.102564210724867,0.133380038111178,0.1448
2024-07-18,0.193661186849368,0.100907676462696,0.100397906922272,0.102931926172066,0.115314139292026,0.116886640836932,0.130342922723352,0.1593
2024-07-19,0.202602302744385,0.101329263655861,0.100614736125757,0.107752053023337,0.124755344159075,0.126401787976886,0.13435661955778,0.1652
2024-07-22,0.187813138894853,0.10984319190048,0.108514673255368,0.0972361139485852,0.108678526669713,0.109688449932204,0.153158433869233,0.1491
2024-07-23,0.190781034381485,0.104150926364549,0.102866251326919,0.0955284144966716,0.108590031307762,0.109207607999209,0.146750080376809,0.1472
2024-07-24,0.145348117887846,0.13634871045913,0.132333752375032,0.126018267946423,0.142482768372092,0.145438758138108,0.198162294085345,0.1804
2024-07-25,0.171370964442873,0.131702316324802,0.127602561621651,0.129355634207514,0.147444062922795,0.151404963682735,0.193661186849368,0.1846
2024-07-26,0.201457389012177,0.138068301621888,0.133280063181933,0.113236248992659,0.121759175592421,0.124968924520874,0.202602302744385,0.1639
2024-07-29,0.295317362284309,0.128010889151854,0.123182407389293,0.114277250309233,0.128871852112909,0.132613832497506,0.187813138894853,0.166
2024-07-30,0.302182137735918,0.13404033432502,0.128863058103339,0.123075265515483,0.139606965826875,0.144127776813312,0.190781034381485,0.1769
2024-07-31,0.286316363685011,0.131860165998304,0.125996535861969,0.109078061734635,0.111413993200779,0.116631206247544,0.145348117887846,0.1636
2024-08-01,0.313929747175182,0.141260697778962,0.134534649376734,0.129228880632113,0.133978098524808,0.141139014069521,0.171370964442873,0.1859
2024-08-02,0.286877251556844,0.15441567073411,0.146887189147824,0.172419286406543,0.191078828441064,0.201706327191926,0.201457389012177,0.2339
2024-08-05,0.188780491277692,0.189327558817116,0.178911770650781,0.324325611020365,0.391807248406182,0.423597756436448,0.295317362284309,0.3857
2024-08-06,0.210614390186034,0.189281472248153,0.178886451434788,0.223673367447357,0.255981765205485,0.271030469280906,0.302182137735918,0.2771
2024-08-07,0.205070313214934,0.186055436868553,0.175499766953566,0.223495656362378,0.272330660230701,0.286188962636584,0.286316363685011,0.2785
2024-08-08,0.169725716303285,0.20269450677656,0.190557616999283,0.188583063582014,0.203864834575313,0.214524307226148,0.313929747175182,0.2379
2024-08-09,0.167066280974361,0.189958378645086,0.178589730460864,0.155896088905778,0.160219607320436,0.168564621444729,0.286877251556844,0.2037
2024-08-12,0.180635244966458,0.151594069378249,0.142548871671418,0.150979280807245,0.148622489350197,0.159458858799653,0.188780491277692,0.2071
2024-08-13,0.13696629243033,0.180227695939067,0.169217205773579,0.130778361696103,0.121280962156103,0.128522318748826,0.210614390186034,0.1812
2024-08-14,0.137578243332392,0.173461658704181,0.162884510416159,0.114516756565335,0.103574953109393,0.109433330170339,0.205070313214934,0.1619
2024-08-15,0.100379785501862,0.171380705249477,0.160660201009671,0.104079938970088,0.0970477204683424,0.10196933559082,0.169725716303285,0.1523
2024-08-16,0.128248250404383,0.161385180403008,0.151905335589814,0.100574739634699,0.0954602716968124,0.0998121771537603,0.167066280974361,0.148
2024-08-19,0.110600331114699,0.171013881118087,0.161040708813056,0.100309414267998,0.0920526765968323,0.0963769919634617,0.180635244966458,0.1465
2024-08-20,0.110279568467259,0.152123512844172,0.142875077495204,0.10634919650533,0.105098702195147,0.110519879813086,0.13696629243033,0.1588
2024-08-21,0.114325097041184,0.153787968121841,0.144674256487416,0.109364127782611,0.106973672360371,0.112491085692656,0.137578243332392,0.1627
2024-08-22,0.0949337096178465,0.143177928609342,0.134308930835689,0.114586849876539,0.122599692311713,0.128986443385775,0.100379785501862,0.1755
2024-08-23,0.0867446748944694,0.150308521089041,0.142614348133856,0.105076640132165,0.106661926888983,0.11047464061264,0.128248250404383,0.1586
2024-08-26,0.1733653796737,0.139954761641897,0.132763955531038,0.105354120304907,0.11256490153158,0.116414969217677,0.110600331114699,0.1615
2024-08-27,0.173369950266808,0.136659498720633,0.129971232702846,0.0999159421010829,0.104165290328665,0.107217016205606,0.110279568467259,0.1543
2024-08-28,0.169430986430742,0.142356304633371,0.13521631448585,0.11304533129685,0.120744124629169,0.124772013671419,0.114325097041184,0.1711
2024-08-29,0.209726039882603,0.121149075255914,0.115126985190292,0.0998570282187507,0.107044713154327,0.110687287796012,0.0949337096178465,0.1565
2024-08-30,0.213502311005783,0.131054042107471,0.124724963232575,0.093613044979539,0.0988971811251661,0.101564682558334,0.0867446748944694,0.15
2024-09-03,0.153470490278054,0.166297911092009,0.159100529364088,0.148767784235701,0.161694571301769,0.167076106405312,0.1733653796737,0.2072
2024-09-04,0.170574543769489,0.153544030713653,0.148025505830412,0.153880001423705,0.16937778766004,0.174382381703469,0.173369950266808,0.2132
2024-09-05,0.177329044513248,0.141947093742143,0.140070104540785,0.141588205810576,0.154808108124346,0.156293342284438,0.169430986430742,0.199
2024-09-06,0.132790316944061,0.160129894304264,0.157887892229421,0.166489972243019,0.185614100356775,0.186976949012906,0.209726039882603,0.2238
2024-09-09,0.105031599418578,0.160766407502576,0.158525311030049,0.142271120279792,0.158241732648659,0.157648014794372,0.213502311005783,0.1945
2024-09-10,0.100157021685394,0.135273231152455,0.134906477191755,0.132980061266532,0.139882498000313,0.140070080418205,0.153470490278054,0.1908
2024-09-11,0.0691617938200549,0.143679969081142,0.143130712021845,0.123677761133671,0.124745385011019,0.124643491513534,0.170574543769489,0.1769
2024-09-12,0.127498986518839,0.14523539591649,0.144593206564485,0.119421849454285,0.116476902864488,0.116511299424921,0.177329044513248,0.1707
2024-09-13,0.122394145729988,0.128389781238119,0.128659725572917,0.110888076866405,0.102376171101034,0.102901083763096,0.132790316944061,0.1656
2024-09-16,0.123682971014643,0.115986751310342,0.116144307061154,0.111922876319751,0.108989600279777,0.109849825552628,0.105031599418578,0.1714
2024-09-17,0.124943841767103,0.106804865400637,0.107951051248202,0.114649490182632,0.114410214070141,0.11482686788516,0.100157021685394,0.1761
2024-09-18,0.123942863554099,0.100597807762559,0.101253726790252,0.113358356354181,0.118449273374386,0.119212583429298,0.0691617938200549,0.1823
2024-09-19,0.0435608158343463,0.128586606029869,0.12943474650615,0.108399351474259,0.104252378695657,0.103396761177856,0.127498986518839,0.1633
2024-09-20,0.0422676153784881,0.12147870939405,0.122285083700373,0.10663449429333,0.105081164303934,0.103928331094302,0.122394145729988,0.1615
2024-09-23,0.0478611074922664,0.12262047235564,0.123471211541979,0.104785542272045,0.102531387025011,0.101283234077492,0.123682971014643,0.1589
2024-09-24,0.0799788055569415,0.121444600634185,0.122649034450506,0.1011237992694,0.0970230738481265,0.0953861244498891,0.124943841767103,0.1539
2024-09-25,0.0788838653814478,0.118174523856905,0.119970578500419,0.101098759572083,0.096755265287001,0.0948398890011812,0.123942863554099,0.1541
2024-09-26,0.074475855193916,0.0880704985883687,0.0886349075264058,0.0877172161833487,0.0933437032671805,0.0926556024172544,0.0435608158343463,0.1537
2024-09-27,0.0974001720872024,0.0851881933491652,0.0857504362637382,0.0978482040621664,0.104835406241598,0.105015782761329,0.0422676153784881,0.1696
2024-09-30,0.115161514437774,0.0903955292734548,0.0911141790481116,0.0978290104764571,0.103978103913211,0.10386459084276,0.0478611074922664,0.1673
2024-10-01,0.116299317986055,0.108481069641476,0.109461935527359,0.122981787500342,0.131869588588791,0.131731417227168,0.0799788055569415,0.1926
2024-10-02,0.126715409906396,0.0975128464887349,0.0989733952112113,0.120441753671609,0.130009714680002,0.129484401353915,0.0788838653814478,0.189
2024-10-03,0.1270058806622,0.0928306949423456,0.0962408122720845,0.130305266908335,0.142926487134316,0.14083989449051,0.074475855193916,0.2049
2024-10-04,0.11809270818974,0.105475886931253,0.108957087517134,0.125129558517161,0.13225746337094,0.130036519345147,0.0974001720872024,0.1921
2024-10-07,0.110638793233051,0.112857932363542,0.116302794546879,0.154404704539178,0.16933723966365,0.167853028194409,0.115161514437774,0.2264
2024-10-08,0.102446718275098,0.108260974677565,0.112969177488003,0.144748300144917,0.149645445362506,0.147377266691041,0.116299317986055,0.2142
2024-10-09,0.0951913959548147,0.108199452448179,0.113651105276517,0.141927019113478,0.14299520824042,0.140082267015002,0.126715409906396,0.2086
2024-10-10,0.0940555928206186,0.10530016376057,0.110795433012748,0.142853707648184,0.143818529886018,0.14073197040425,0.1270058806622,0.2093
2024-10-11,0.088337501653307,0.103109269784858,0.108869104545968,0.13742019431565,0.138926756957233,0.13520212858147,0.11809270818974,0.2046
2024-10-14,0.0707111246202212,0.101709206598347,0.107277855090501,0.130437073538212,0.125735084804053,0.123045926648823,0.110638793233051,0.197
2024-10-15,0.045505549541448,0.100212864853605,0.105453022026819,0.136279088628025,0.140010049876844,0.136996742042856,0.102446718275098,0.2064
2024-10-16,0.0725926429174289,0.0976538494254592,0.102601286172836,0.127268378183664,0.131964044782348,0.128655795622034,0.0951913959548147,0.1958
2024-10-17,0.074160493901594,0.0912596983922231,0.0959873937184514,0.124459735321197,0.129161947951208,0.125830072676245,0.0940555928206186,0.1911
2024-10-18,0.0686473289715672,0.0954025117112322,0.0998768916964331,0.11475795100765,0.118433543950715,0.115068851255137,0.088337501653307,0.1803
2024-10-21,0.0699862970534313,0.0807100359882599,0.0862673004024563,0.113542391740737,0.121796076145857,0.116580195742838,0.0707111246202212,0.1837
2024-10-22,0.0708365279740351,0.068950345388192,0.0734860774118996,0.106421385515429,0.115379145550807,0.111577682393501,0.045505549541448,0.182
2024-10-23,0.0356556765256089,0.0861438798593462,0.091304025133612,0.11988067916773,0.130174134328204,0.125416032911908,0.0725926429174289,0.1924
2024-10-24,0.137238988420966,0.0842180748357505,0.0893575597793309,0.119435306037067,0.130083480068302,0.125374315029547,0.074160493901594,0.1908
2024-10-25,0.140252399513992,0.0791455333192127,0.083444957236178,0.127669983508289,0.142868507402974,0.139432462727716,0.0686473289715672,0.2033
2024-10-28,0.140417352188977,0.0827786948881981,0.0872418572470087,0.123587333923306,0.134606920616055,0.131159542233682,0.0699862970534313,0.198
2024-10-29,0.164549314153051,0.0823072467810361,0.0866256052415108,0.120627483755558,0.130432555246217,0.127135297923512,0.0708365279740351,0.1934
2024-10-30,0.240787152721432,0.0679992454317764,0.0712320842869906,0.116815333639988,0.129860642095146,0.128915338659029,0.0356556765256089,0.2035
2024-10-31,0.207235069821346,0.113091972877191,0.117667487868627,0.161291685250946,0.175795584524758,0.172752816493319,0.137238988420966,0.2316
2024-11-01,0.206916244966086,0.110954003243383,0.115074771424644,0.152093820942157,0.163020679956195,0.160226416416954,0.140252399513992,0.2188
2024-11-04,0.206062930325829,0.110193505921718,0.113738918802715,0.151099165257184,0.164677674022723,0.162241374108923,0.140417352188977,0.2198
2024-11-05,0.188133820692891,0.120489698417784,0.123597898957785,0.142413701941691,0.149722526519289,0.147820263278083,0.164549314153051,0.2049
2024-11-06,0.0628038714329813,0.150769435502572,0.150615631080025,0.116693001350197,0.108062219633853,0.107373067198166,0.240787152721432,0.1627
2024-11-07,0.0551131412289981,0.140313701100843,0.140195043948164,0.10629713420555,0.092892655889608,0.093140829121107,0.207235069821346,0.152
2024-11-08,0.10598395344506,0.137744657412284,0.137768907533855,0.104366213895285,0.0924346498002607,0.0925840820076642,0.206916244966086,0.1494
2024-11-11,0.109343031637558,0.134194218600499,0.133221743499694,0.104874463577844,0.0923564033977677,0.0935994425523568,0.206062930325829,0.1497
2024-11-12,0.111002767071896,0.132649400770316,0.131662721719956,0.101308333075359,0.092586170895579,0.0930161115659725,0.188133820692891,0.1471
2024-11-13,0.110990629441791,0.0909650819075495,0.0899073294342629,0.0834679425116313,0.0869455919818303,0.0874635660032376,0.0628038714329813,0.1402
2024-11-14,0.109054466459962,0.0924931449540895,0.090914499235689,0.083252245711369,0.0910284741547649,0.0918173944575593,0.0551131412289981,0.1431
2024-11-15,0.0599426380602664,0.116600586033217,0.114695787812975,0.103855436383078,0.114525186088912,0.11470310476919,0.10598395344506,0.1614
2024-11-18,0.0572795956404792,0.115385894465664,0.113042220699384,0.100576334985731,0.110009074194063,0.110493545278484,0.109343031637558,0.1558
2024-11-19,0.0642890269107,0.115920089255904,0.113601144452981,0.106338500841745,0.114166266107615,0.11553824127657,0.111002767071896,0.1635
2024-11-20,0.0697431383202588,0.105520082893801,0.103473713003033,0.113611925458657,0.125101009680831,0.127631391417927,0.110990629441791,0.1716
2024-11-21,0.070784538766851,0.116384126313245,0.113777302774315,0.109815791449049,0.114663045322255,0.117346925511604,0.109054466459962,0.1687
2024-11-22,0.0686133937243987,0.0957794341192559,0.093511722653929,0.0905886962565145,0.0937927491706173,0.0967176336715654,0.0599426380602664,0.1524
2024-11-25,0.0652659918774469,0.0943447083247381,0.0919496582610687,0.0858763362134137,0.0890481191390889,0.0916055477133466,0.0572795956404792,0.146
2024-11-26,0.0667333859104314,0.0992309086124067,0.0964644633142672,0.0837908180897013,0.0851705981253045,0.0874249377937126,0.0642890269107,0.141
2024-11-27,0.0624404843638591,0.101012162625994,0.0982492229401951,0.0847897273775879,0.0873503348847113,0.0894302716081384,0.0697431383202588,0.141
2024-11-29,0.0513395499478993,0.102610627356445,0.0997429791067535,0.0809639755101541,0.0832111018368637,0.0848475567352187,0.070784538766851,0.1351
2024-12-02,0.0651826421084883,0.100098744878581,0.097277008488155,0.0796521866595416,0.0829129037134645,0.0845459412335722,0.0686133937243987,0.1334
2024-12-03,0.0684293232167712,0.0899937681049239,0.0888246932805352,0.0787404847113292,0.0828261422290592,0.0833987940133537,0.0652659918774469,0.133
2024-12-04,0.0786228294794978,0.0955138060541878,0.0938371633060451,0.0793305289665089,0.082401775437488,0.0831562241280554,0.0667333859104314,0.1345
2024-12-05,0.0865469775165853,0.0915742991790636,0.0890870454067065,0.0794616544788483,0.0833120134584365,0.0852689785101923,0.0624404843638591,0.1354
2024-12-06,0.0847192246625649,0.0844842181662697,0.0827152946641603,0.072325022685659,0.0767779473355807,0.0778199810997279,0.0513395499478993,0.1277
2024-12-09,0.0773800553404075,0.076742994534509,0.0790588487837214,0.0826875385968852,0.0885462001499348,0.0867738832237304,0.0651826421084883,0.1419
2024-12-10,0.0793662985435034,0.0750881335766319,0.0773064269700315,0.0831288230843015,0.0899428308026728,0.0882436926243989,0.0684293232167712,0.1418
2024-12-11,0.219394365184129,0.0816587737761617,0.0834112827838111,0.0805349601980262,0.0849578240973315,0.0833557854479492,0.0786228294794978,0.1358
2024-12-12,0.216070102798748,0.0843728042337643,0.0859946924605141,0.0839964750470103,0.088803533354713,0.087197464673965,0.0865469775165853,0.1392
2024-12-13,0.229295269218444,0.0755685887718538,0.0770666136206984,0.0839867488177516,0.0912565673255543,0.0897714456737288,0.0847192246625649,0.1381
2024-12-16,0.233470939332693,0.0813468627893002,0.0824550166953469,0.0881070104688184,0.0919287114657102,0.0916797132140933,0.0773800553404075,0.1469
2024-12-17,0.244605716718041,0.0812013622575786,0.08250009347586,0.096404335965296,0.100705427892981,0.10094074302672,0.0793662985435034,0.1587
2024-12-18,0.121127654803923,0.13891972083248,0.137429313882707,0.207825312424448,0.230251800935422,0.238602002497312,0.219394365184129,0.2762
2024-12-19,0.144441399443071,0.129003085493738,0.127941388646332,0.179018598937749,0.194720742073574,0.199335263305475,0.216070102798748,0.2409
2024-12-20,0.144250152505233,0.140286124732648,0.13861446589433,0.132037416580077,0.137236867542395,0.1375515931447,0.229295269218444,0.1836
2024-12-23,0.138131400271217,0.141284825558536,0.138613024327747,0.119703187784578,0.121555604115698,0.12166137918234,0.233470939332693,0.1678
2024-12-24,0.115114819868393,0.146590781562882,0.143599512833318,0.100243858019444,0.0965685777174121,0.0957274250660873,0.244605716718041,0.1427
2024-12-26,0.14539574601732,0.11224996951595,0.109604987481718,0.0957237107151174,0.0893504118247176,0.0912592884075568,0.121127654803923,0.1473
2024-12-27,0.128249915889182,0.128021351391524,0.124650704651445,0.106485898031059,0.0998074965299682,0.10189848711417,0.144441399443071,0.1595
2024-12-30,0.129988618320739,0.12949849543084,0.125957449657677,0.117620531630907,0.117647746561615,0.119933230041037,0.144250152505233,0.174
2024-12-31,0.12684738241916,0.125765181837396,0.122331693853325,0.116837792456491,0.121180271915368,0.12293783172131,0.138131400271217,0.1735
2025-01-02,0.167327629848211,0.117398385524564,0.114201507810898,0.118635695056319,0.129793270216209,0.13165963271702,0.115114819868393,0.1793
2025-01-03,0.142220361152837,0.132539953688377,0.128656563134968,0.108162200201255,0.111506861223641,0.112246195080968,0.14539574601732,0.1613
2025-01-06,0.136950724708658,0.126441630585468,0.122224410918429,0.106091033185388,0.104791313962679,0.106611920082304,0.128249915889182,0.1604
2025-01-07,0.170497199862692,0.12992231134912,0.125467178178206,0.119508262989245,0.117442514401503,0.1204934654713,0.129988618320739,0.1782
2025-01-08,0.170798727130975,0.124749723323932,0.12058100360375,0.119136647944922,0.115720705221312,0.119009284864436,0.12684738241916,0.177
2025-01-10,0.148307935876212,0.144746052383322,0.13936779125114,0.137221210346406,0.136010058737897,0.139951874748008,0.167327629848211,0.1954
2025-01-13,0.160347992517764,0.13217430455649,0.127182597127735,0.132750349305236,0.137726206270999,0.141344743977225,0.142220361152837,0.1919
2025-01-14,0.165929317936508,0.129892394997239,0.124774187516562,0.128503746948398,0.134938900948275,0.138175229197901,0.136950724708658,0.1871
2025-01-15,0.111132033912945,0.149386919847994,0.143149971286301,0.110673419430244,0.104345984008111,0.106334398833051,0.170497199862692,0.1612
2025-01-16,0.111968497890803,0.143772583318676,0.138032819940795,0.115405300659383,0.111137844482711,0.113376932760751,0.170798727130975,0.166
2025-01-17,0.135753283626457,0.14293330174758,0.13673591972071,0.107817173026241,0.0971475261638915,0.100212128341085,0.148307935876212,0.1597
2025-01-21,0.13722632099368,0.146838333823458,0.140369441392062,0.102006439653042,0.0904799772183388,0.0931546263943469,0.160347992517764,0.1506
2025-01-22,0.134359178167625,0.147765060891134,0.141177895759873,0.102934237861819,0.0894975234777315,0.0923501883843725,0.165929317936508,0.151
2025-01-23,0.134284135947994,0.118347090825469,0.116047245874512,0.0965077655944583,0.0883589758292387,0.08946473615174,0.111132033912945,0.1502
2025-01-24,0.137515083880074,0.117506558954963,0.11525033702678,0.0956027200698258,0.087870348624524,0.0888491310887074,0.111968497890803,0.1485
2025-01-27,0.104772673231882,0.12967232954427,0.127219998692512,0.120530926803599,0.117500826076315,0.119035520733574,0.135753283626457,0.179
2025-01-28,0.0966747769505502,0.129604532534915,0.127224183327332,0.109600058081229,0.106632953255091,0.107106030294766,0.13722632099368,0.1641
2025-01-29,0.0948918873704292,0.125640195367655,0.123881807436894,0.110631475850098,0.111896478656587,0.111714754864151,0.134359178167625,0.1656
2025-01-30,0.0909732187727519,0.126347215394532,0.124308136009122,0.105159276985437,0.106224463914697,0.105794366630755,0.134284135947994,0.1584
2025-01-31,0.107443086097447,0.125396704723824,0.123938193304607,0.109881192637899,0.111301643296831,0.110711621765305,0.137515083880074,0.1643
2025-02-03,0.104210259288792,0.115492695277192,0.114282023111352,0.121922604474359,0.124604117724318,0.126176720813642,0.104772673231882,0.1862
2025-02-04,0.0908496113650214,0.113223091323625,0.111896424003755,0.110385971288993,0.113210850541147,0.113840334117697,0.0966747769505502,0.1721
2025-02-05,0.0886658391156356,0.111610510815067,0.110299273444963,0.0999731116393882,0.100997361150836,0.101245823515801,0.0948918873704292,0.1577
2025-02-06,0.112325598155057,0.107703793948659,0.107129161200344,0.0976136467153694,0.0996887302164901,0.0993408193643359,0.0909732187727519,0.155
2025-02-07,0.0897730630615199,0.116043070728857,0.114678000857507,0.10704546005557,0.11024187745171,0.110753330339183,0.107443086097447,0.1654
2025-02-10,0.0781276745616606,0.112885206287022,0.112011739553004,0.101372118954217,0.099865853795629,0.100265488496611,0.104210259288792,0.1581
2025-02-11,0.079888763384156,0.103189554486326,0.102434225073516,0.102211449317532,0.10426505537224,0.104792070313762,0.0908496113650214,0.1602
2025-02-12,0.0834154881040049,0.101652846854497,0.101724989547571,0.0998417441027746,0.103000526186558,0.102556909531226,0.0886658391156356,0.1589
2025-02-13,0.128319370139278,0.113665186869016,0.112104946867189,0.0969024109073293,0.0970554956800626,0.0974375359197576,0.112325598155057,0.151
2025-02-14,0.133102590521229,0.098031603612534,0.0966580786646916,0.0935404268288216,0.0938963447880829,0.0950594578290804,0.0897730630615199,0.1477
2025-02-18,0.136105453828289,0.0932264515590154,0.0933902096320769,0.0941558022048252,0.0944657600356626,0.0947112654412327,0.0781276745616606,0.1535
2025-02-19,0.135061231307174,0.0938274568388547,0.0940117128634061,0.0938928316503578,0.0936946449709919,0.093949883217599,0.079888763384156,0.1527
2025-02-20,0.173722933845568,0.0941048016657708,0.0948417143221944,0.0967954909272014,0.0971468036556799,0.0971468697593833,0.0834154881040049,0.1566
2025-02-21,0.166492696250134,0.115064158052378,0.115296588013995,0.12127609071998,0.128319515320629,0.127999814136227,0.128319370139278,0.1821
2025-02-24,0.205801900930867,0.113684187229992,0.114076252910271,0.128288225737158,0.137214906946421,0.136945248544728,0.133102590521229,0.1898
2025-02-25,0.221095435112913,0.114179456930654,0.114284460341389,0.13213256094015,0.145167419593035,0.145190138010966,0.136105453828289,0.1943
2025-02-26,0.234710926618032,0.107325359338538,0.107629853290021,0.13126023183844,0.147775020101891,0.147599105417555,0.135061231307174,0.191
2025-02-27,0.241853233849973,0.126071156739828,0.126671084764824,0.149376955752187,0.168425132036726,0.16745739785256,0.173722933845568,0.2113
2025-02-28,0.218060455044997,0.128443870682418,0.128462034166724,0.13701150861298,0.139848634299797,0.140367712495355,0.166492696250134,0.1963
2025-03-03,0.26333918201696,0.143789068837179,0.142812837727623,0.167144933744204,0.176891498023318,0.179257322332528,0.205801900930867,0.2278
2025-03-04,0.254201333445573,0.1486150912757,0.147322266542089,0.175319114941434,0.187413316291926,0.189628571318896,0.221095435112913,0.2351
2025-03-05,0.244149813423022,0.15300965607629,0.151478668709768,0.163603689810173,0.167883016963265,0.169410024672561,0.234710926618032,0.2193
2025-03-06,0.230604393160486,0.160724295738923,0.158389387123332,0.189351435330463,0.193897610643269,0.197943318574493,0.241853233849973,0.2487
2025-03-07,0.271970833013113,0.152498412460617,0.150395322393995,0.174890777281258,0.186079201649201,0.188202927835249,0.218060455044997,0.2337
2025-03-10,0.195824451834322,0.178427149216489,0.174258571169276,0.219017758818707,0.236535418749964,0.242231499869415,0.26333918201696,0.2786
2025-03-11,0.20302838917755,0.173725245944035,0.16966947494006,0.210962247797533,0.225662824724498,0.230994092016616,0.254201333445573,0.2692
2025-03-12,0.214095664520467,0.169495031953107,0.165846918162313,0.186550306447674,0.204638980973959,0.206713867307791,0.244149813423022,0.2423
2025-03-13,0.190305116285272,0.171484940262506,0.167377949496835,0.18804245564558,0.20312765040067,0.206082660841558,0.230604393160486,0.2466
2025-03-14,0.118037872003594,0.18754226552888,0.182505593296853,0.166977949567238,0.171380518672811,0.172704990639614,0.271970833013113,0.2177
2025-03-17,0.165204600289426,0.167160895846849,0.162318840519041,0.150120641377451,0.143545868837019,0.147051119044556,0.195824451834322,0.2051
2025-03-18,0.147089987972439,0.170428404530401,0.165625325411165,0.160428560541552,0.154367216181138,0.158529854452434,0.20302838917755,0.217
2025-03-19,0.148881465705237,0.174559772201143,0.169540389320927,0.146555204483758,0.137788626980191,0.140563733911879,0.214095664520467,0.199
2025-03-20,0.149925193873563,0.164363778278857,0.159509779327329,0.14447979120196,0.132142034430022,0.135835388544964,0.190305116285272,0.198
2025-03-21,0.206086500829244,0.140152774125623,0.135547195463033,0.131986866974578,0.131359034799975,0.134631735797219,0.118037872003594,0.1928
2025-03-24,0.169079780733332,0.165661445538929,0.160099372721353,0.122009139873071,0.114197380789253,0.115746566314652,0.165204600289426,0.1748
2025-03-25,0.170824946595834,0.15119668279183,0.146959905812645,0.118737139538512,0.107874688951144,0.109559476777857,0.147089987972439,0.1715
2025-03-26,0.15843916936829,0.157490128674828,0.152833650586516,0.127120022103893,0.121930205737485,0.123288467814943,0.148881465705237,0.1833
2025-03-27,0.385449635091627,0.154759640184736,0.148700841432746,0.130813468107954,0.125577106789894,0.128461038358765,0.149925193873563,0.1869
2025-03-28,0.565548636882388,0.179542773783112,0.172403061641507,0.160215981560275,0.160814242212766,0.164337011477797,0.206086500829244,0.2165
2025-03-31,0.564431008647644,0.163550393733032,0.157369138392763,0.161962075009075,0.172175653593657,0.17598460534714,0.169079780733332,0.2228
2025-04-01,0.574879375885768,0.160637317792075,0.155213084591642,0.158133795532272,0.168226598528471,0.171396813899027,0.170824946595834,0.2177
2025-04-02,0.86291307380582,0.155473994082914,0.15076844174304,0.15383090077636,0.15585282142072,0.159702241371414,0.15843916936829,0.2151
2025-04-03,0.8265096536634,0.238078802064817,0.229861048292899,0.252654051077014,0.276045814629108,0.280578167979452,0.385449635091627,0.3002
2025-04-04,0.712754898115456,0.302588034615362,0.291120283740903,0.426769353463812,0.520743203435142,0.534164190772611,0.565548636882388,0.4531
2025-04-07,0.714773371884273,0.285086422477457,0.275206378360047,0.451148769532219,0.561680679971749,0.575225420028379,0.564431008647644,0.4698
2025-04-08,0.705995634297061,0.299423533879223,0.289476823422649,0.509447967157071,0.656513854667598,0.671424945439477,0.574879375885768,0.5233
2025-04-09,0.328508238143163,0.401966983051393,0.389591996241105,0.327550470487638,0.324460754240367,0.323176804850606,0.86291307380582,0.3362
2025-04-10,0.213273504644947,0.397379232515881,0.385004302316015,0.406392991442822,0.380308571404892,0.388196733867087,0.8265096536634,0.4072
2025-04-11,0.240727838376563,0.37738128390938,0.365324991620322,0.364743589881894,0.273517711228508,0.288604900733996,0.712754898115456,0.3756
2025-04-14,0.29293253142918,0.372254811494728,0.36060643107533,0.293715206094972,0.213104395984492,0.221396725602574,0.714773371884273,0.3089
2025-04-15,0.315309136144222,0.360013209953336,0.349538474955112,0.286850184476955,0.201716915436358,0.210420462806683,0.705995634297061,0.3012
2025-04-16,0.306279903240007,0.29883109325608,0.287892828397108,0.279579174302486,0.284933105367929,0.287820592264462,0.328508238143163,0.3264
2025-04-17,0.310545664097989,0.250282264325603,0.240767138918228,0.239464299591235,0.225721905738453,0.231720417217437,0.213273504644947,0.2965
2025-04-21,0.260367959862959,0.273294733871041,0.262866292285993,0.278868104086036,0.286445961027745,0.29034047255967,0.240727838376563,0.3382
2025-04-22,0.196119695697376,0.292577294285008,0.281493977085991,0.255710899566662,0.247635925029185,0.24968309130612,0.29293253142918,0.3057
2025-04-23,0.157518503115685,0.298329488695027,0.287235167566168,0.238685729776339,0.220359484184348,0.222333800922979,0.315309136144222,0.2845
2025-04-24,0.0807780046002735,0.296954344679652,0.286017974718555,0.218977810678353,0.17913629436484,0.18317324993045,0.306279903240007,0.2647
2025-04-25,0.120734526992986,0.293753228719386,0.283030741306955,0.205157849846067,0.165217845197824,0.168353861805227,0.310545664097989,0.2484
2025-04-28,0.128925755879922,0.267590591478769,0.257862601532716,0.20532257405767,0.156291150989932,0.161933127754081,0.260367959862959,0.2515
2025-04-29,0.133943673159538,0.254137339759264,0.244104592410979,0.186947744463986,0.15220170220498,0.156445770383429,0.196119695697376,0.2417
2025-04-30,0.137035321818805,0.231577946075408,0.222513186978639,0.186995816314915,0.161180778431658,0.165359386099356,0.157518503115685,0.247
2025-05-01,0.135929889308452,0.193326804035864,0.184586825795565,0.168719791106924,0.156838962475498,0.1619407047842,0.0807780046002735,0.246
2025-05-02,0.087925459915329,0.221936322967298,0.212402842889482,0.162074284108028,0.144881221135854,0.147815315234744,0.120734526992986,0.2268
2025-05-05,0.239591187406976,0.223502322982432,0.214108616050262,0.172017718865282,0.156236174308767,0.159283184902459,0.128925755879922,0.2364
2025-05-06,0.238802435701201,0.219596972692145,0.212293142462501,0.181642010391722,0.171611880364678,0.173423971621755,0.133943673159538,0.2476
2025-05-07,0.236920728151744,0.206099983756187,0.202707439184151,0.17193659896875,0.162098172897818,0.16128070926582,0.137035321818805,0.2355
2025-05-08,0.235165883256564,0.203204811952358,0.2001503762857,0.160764915867457,0.153225170976175,0.151536087118507,0.135929889308452,0.2248
2025-05-09,0.240278171225507,0.17051049630694,0.167773428055073,0.148162793080403,0.152543495101314,0.150505928151532,0.087925459915329,0.219
2025-05-12,0.0776755908002954,0.204733301140061,0.214559773377626,0.136248376181823,0.115612129605677,0.107019973752182,0.239591187406976,0.1839
2025-05-13,0.0645483379239784,0.188733571364394,0.201112394486283,0.135405931320541,0.110201581199528,0.101478263653086,0.238802435701201,0.1822
2025-05-14,0.132097609332793,0.179161187052006,0.192009489432907,0.139826471168642,0.115736307814928,0.106309932721149,0.236920728151744,0.1862
2025-05-15,0.128851339663187,0.182358077127374,0.195399368033775,0.132048741545596,0.10907188292393,0.0995882525806794,0.235165883256564,0.1783
2025-05-16,0.128179196154095,0.185665205015588,0.198799790623353,0.127136480725448,0.102892146043359,0.09401661188598,0.240278171225507,0.1724
2025-05-19,0.192519091508788,0.121975576894644,0.130794224485558,0.116027345777394,0.110092873617078,0.101183379948578,0.0776755908002954,0.1814
2025-05-20,0.19461475751176,0.118014097938361,0.126194833527279,0.111938392431315,0.109964471023961,0.10086552980996,0.0645483379239784,0.1809
2025-05-21,0.159205691218011,0.148127869360211,0.160201820295061,0.144762006837212,0.141536038008909,0.127982939138193,0.132097609332793,0.2087
2025-05-22,0.159175393805046,0.13195674729637,0.144956667604949,0.141665125109583,0.143649805128482,0.128101481151949,0.128851339663187,0.2028
2025-05-23,0.154589874051744,0.134797855622172,0.148747722229041,0.155720781017104,0.163452481162338,0.145625156501811,0.128179196154095,0.2229
2025-05-27,0.0700821782773909,0.156059441293541,0.172809594158483,0.136237675986307,0.131205934151655,0.114909248105922,0.192519091508788,0.1896
2025-05-28,0.0577815258169473,0.153002927143623,0.169526234197955,0.140149047529001,0.136353296727678,0.119595950487702,0.19461475751176,0.1931
2025-05-29,0.06278641455446,0.143091511998138,0.158260768430693,0.13542085337056,0.125258631433661,0.111366896350153,0.159205691218011,0.1918
2025-05-30,0.0959918615718454,0.133848870834957,0.148488790167551,0.132813510739973,0.124639132598905,0.110418788449641,0.159175393805046,0.1857
2025-06-02,0.0917194059132233,0.141564161984435,0.156613339834064,0.128247933275595,0.114573502914807,0.101957763998268,0.154589874051744,0.1836
2025-06-03,0.0907387763107384,0.110973800065779,0.121948006179903,0.109822156894189,0.107340029066758,0.0960793745394018,0.0700821782773909,0.1769
2025-06-04,0.092810352964474,0.095160350582648,0.105241284780093,0.108394577477808,0.107150430032069,0.0961893770599793,0.0577815258169473,0.1761
2025-06-05,0.0890857762547909,0.10456158609084,0.115372759199702,0.11365937582592,0.113316042062513,0.10167604340754,0.06278641455446,0.1848
2025-06-06,0.0957527580360526,0.121353647756045,0.134079429908666,0.107601602450241,0.101484369809124,0.0899318378842225,0.0959918615718454,0.1677
2025-06-09,0.116322897897047,0.114737989288303,0.125155557250483,0.111297032075232,0.10737769073374,0.0952758309426688,0.0917194059132233,0.1716
2025-06-10,0.124778240124121,0.117565399321392,0.128083429327036,0.108585223668113,0.104454343398223,0.0926235035234952,0.0907387763107384,0.1695
2025-06-11,0.123263620383549,0.117205576286755,0.127696418476018,0.111601755379763,0.10831043912617,0.0960840121847299,0.092810352964474,0.1726
2025-06-12,0.121243740260973,0.100379244867007,0.113054494812771,0.115682081198939,0.108519620932838,0.0944993400220161,0.0890857762547909,0.1802
2025-06-13,0.113145700396623,0.106026139588121,0.119021847819995,0.137302975644883,0.136696588362963,0.119717023217014,0.0957527580360526,0.2082
2025-06-16,0.120674514948418,0.114083397634079,0.127746574969308,0.127811788201303,0.122148991102288,0.106335422328321,0.116322897897047,0.1911
2025-06-17,0.104961158759897,0.117484887579746,0.131266992992062,0.148726975102703,0.148783913179761,0.130537094301915,0.124778240124121,0.216
2025-06-18,0.119281508182063,0.110177976906482,0.123277784160314,0.139220105593213,0.140671397281144,0.122865160299431,0.123263620383549,0.2014
2025-06-20,0.123911274365171,0.113116968706411,0.126461559254866,0.141346207844115,0.143394086273335,0.125073780886295,0.121243740260973,0.2062
2025-06-23,0.109929256202793,0.114817910611047,0.127853478470326,0.132975705500711,0.125685570852756,0.110692178230299,0.113145700396623,0.1983
2025-06-24,0.0773442370862449,0.114496163127248,0.128316488096423,0.115718049816617,0.107486846554864,0.0927942761724327,0.120674514948418,0.1748
2025-06-25,0.0843300689750125,0.0964815297319136,0.108244340577007,0.112776765979845,0.10667817084628,0.0926269131588527,0.104961158759897,0.1676
2025-06-26,0.0858557098310348,0.113886355492805,0.127552325836,0.108975536800206,0.0961802204695102,0.0833270554140758,0.119281508182063,0.1659
2025-06-27,0.095633200272183,0.105264196172444,0.120244438474762,0.107286320982466,0.0921462284706159,0.0786220131735536,0.123911274365171,0.1632
2025-06-30,0.0885113789921106,0.101282172887555,0.11566003315382,0.108679929115604,0.0958656018455767,0.082041913343638,0.109929256202793,0.1673
2025-07-01,0.0980416172877904,0.0883062332253673,0.100733207507192,0.105283195101749,0.0996568046633348,0.0854745923401764,0.0773442370862449,0.1683
2025-07-02,0.0941370149006799,0.0933459615754822,0.106349500414605,0.104363569965587,0.095650357528181,0.0819973210896233,0.0843300689750125,0.1664
2025-07-03,0.0770449751012204,0.0959711288088749,0.108875189329387,0.10249635898054,0.0943839613733318,0.081146799967381,0.0858557098310348,0.1638
2025-07-07,0.053809379366165,0.0998602526330211,0.113176553175531,0.11442017193874,0.108547071049347,0.0934148653307478,0.095633200272183,0.1779
2025-07-08,0.0605110733827533,0.093887542773606,0.106411898873694,0.107390656208631,0.105065292727769,0.0898124621727919,0.0885113789921106,0.1681
2025-07-09,0.0483008264469271,0.10042921037348,0.113777201419384,0.101277799315622,0.0961458599697808,0.081881848443905,0.0980416172877904,0.1594
2025-07-10,0.0583231214844296,0.0955251680767807,0.106026799430613,0.0996843216471069,0.0955550872016251,0.0821859110898198,0.0941370149006799,0.1578
2025-07-11,0.0534055466028916,0.090256333081359,0.0987657413360323,0.101414830725212,0.101135417614981,0.0888001621917749,0.0770449751012204,0.164
2025-07-14,0.0533946048851518,0.0790692336415482,0.0864924300491334,0.102528287398315,0.101533880908978,0.0905834596101135,0.053809379366165,0.172
2025-07-15,0.0456011637913506,0.0835281190495255,0.091307227790051,0.104905420487815,0.103452501711244,0.0920967969950457,0.0605110733827533,0.1738
2025-07-16,0.0679624991761004,0.0775206906278672,0.0810141572735784,0.100445056423355,0.100783930041851,0.0959129331292778,0.0483008264469271,0.1716
2025-07-17,0.0565313190475258,0.0805265070473858,0.0838647205179739,0.0982013725785122,0.0967380245368871,0.092362852094032,0.0583231214844296,0.1652
2025-07-18,0.0631530239099123,0.0714679293754853,0.074592405227631,0.0979637769344484,0.0976550005483856,0.0936564403797086,0.0534055466028916,0.1641
2025-07-21,0.0623807514286997,0.0727569797514865,0.0762932569926468,0.0982789850555198,0.0971141021775018,0.092748298315577,0.0533946048851518,0.1665
2025-07-22,0.0656780583961125,0.0684382509053225,0.0716999972206829,0.0955950916055226,0.0944064218561822,0.0906383458033656,0.0456011637913506,0.165
2025-07-23,0.0366136144795015,0.0822240317331366,0.0855575444777495,0.0919210750555528,0.0867390516214553,0.0829843765904647,0.0679624991761004,0.1537
2025-07-24,0.0447952255471222,0.0722626320018219,0.0756510165866154,0.0906728384484978,0.0885135696899802,0.0843494371671003,0.0565313190475258,0.1539
2025-07-25,0.119634880650942,0.0732554664038335,0.0770210243042779,0.0879559679432517,0.0838589681021653,0.0795551520922232,0.0631530239099123,0.1493
2025-07-28,0.158422548700367,0.0695183115334928,0.0724998665274769,0.0897302882958281,0.0868596517659759,0.0835762153573077,0.0623807514286997,0.1503
2025-07-29,0.160779878724455,0.0716905715362031,0.0749681231221904,0.095588440044426,0.0923951957648262,0.089051654910295,0.0656780583961125,0.1598
2025-07-30,0.168595863805638,0.0581073912170174,0.0603904602284042,0.0855911448502724,0.0887725729921362,0.086487609007709,0.0366136144795015,0.1548
2025-07-31,0.166631429954898,0.0624300740094948,0.065017678404994,0.0955414305232294,0.0989201727274746,0.0964452320435038,0.0447952255471222,0.1672
2025-08-01,0.1330772591415,0.0980071381777313,0.100420723969632,0.136479600431462,0.139666047526949,0.137249710343309,0.119634880650942,0.2038
2025-08-04,0.0850859298017594,0.113566764197191,0.115359136923632,0.119428751723722,0.115834551004002,0.113230474689111,0.158422548700367,0.1752
2025-08-05,0.11162030956483,0.110683983386608,0.112778879823607,0.122781815067773,0.120803732880897,0.11794805251748,0.160779878724455,0.1785
2025-08-06,0.101636875603042,0.112703055308615,0.114958052333628,0.114772602113963,0.108983254254744,0.105894524358222,0.168595863805638,0.1677
2025-08-07,0.101501750058965,0.108493165482097,0.110294160843314,0.114146902580858,0.108931861680167,0.106603700239639,0.166631429954898,0.1657
2025-08-08,0.0876613208825877,0.105524755769993,0.106673519744833,0.0988429195074109,0.0877252338221834,0.0863288238500498,0.1330772591415,0.1515
2025-08-11,0.0858381313239758,0.090202750622024,0.0909370515922407,0.101218022521249,0.0976288656733754,0.0971946631289741,0.0850859298017594,0.1625
2025-08-12,0.0518972311530733,0.103642080019615,0.104205846793452,0.0934177448281327,0.0831534451716504,0.0821784315573063,0.11162030956483,0.1473
2025-08-13,0.0496781397084408,0.0990062339547684,0.0994362878209144,0.0910533061699332,0.0830152650610331,0.0820276798033335,0.101636875603042,0.1449
2025-08-14,0.0572244002318657,0.0951647910761598,0.0956385355583654,0.0945097568959933,0.0870444163729791,0.0864614108861103,0.101501750058965,0.1483
2025-08-15,0.119582147478612,0.0939705204714992,0.0930385948021413,0.0934722259212944,0.0883976074397654,0.0902099177336566,0.0876613208825877,0.1509
2025-08-18,0.123372072477375,0.0881396293792595,0.0872882293681366,0.0939399446003695,0.0897437234517003,0.091985383181883,0.0858381313239758,0.1499
2025-08-19,0.119744072777464,0.0807399101460035,0.0796978296166902,0.0898336369828809,0.0917723138246989,0.0944518492029249,0.0518972311530733,0.1557
2025-08-20,0.119696927587026,0.0786879509458805,0.0776282760030595,0.0904610194007534,0.0946913597126597,0.0974527279565325,0.0496781397084408,0.1569
2025-08-21,0.118391985467447,0.0831836529529179,0.0820195304212476,0.0981612837545255,0.103249663317355,0.106585510505571,0.0572244002318657,0.166
2025-08-22,0.0681442638649905,0.110969110422135,0.109497200586374,0.0906653478982336,0.0857460955596441,0.086105423272195,0.119582147478612,0.1422
2025-08-25,0.0784491544539493,0.110386836576438,0.108874642239039,0.0958216054610763,0.0926368604907433,0.0934132502893233,0.123372072477375,0.1479
2025-08-26,0.0812453184013239,0.109333722941768,0.10738430147569,0.0941943754130693,0.0869108786936322,0.0887101542839802,0.119744072777464,0.1462
2025-08-27,0.0989711827302697,0.10856258257764,0.10661506688169,0.0961366299545012,0.0875563671032097,0.0898645500558048,0.119696927587026,0.1485
2025-08-28,0.09900080813864,0.108664868030869,0.106641971275021,0.0927776910414535,0.0832672584739359,0.0857127697451317,0.118391985467447,0.1443
2025-08-29,0.0891501157177468,0.093165833612117,0.0904574197093577,0.092064958657345,0.0902542484609005,0.0950639801688324,0.0681442638649905,0.1536
2025-09-02,0.0766749487342952,0.0981348373508832,0.0952688245484314,0.106596877120165,0.104773221874903,0.111523058531287,0.0784491544539493,0.1717
2025-09-03,0.0708661494859128,0.0938868119875315,0.0919515680468474,0.101175477485687,0.0990758515625391,0.103578805074824,0.0812453184013239,0.1635
2025-09-04,0.0716855269695945,0.0968398179679841,0.0956643847526591,0.0959636164747753,0.0913933762802845,0.0935624695915234,0.0989711827302697,0.153
2025-09-05,0.068147262622062,0.0950959236132785,0.0939906822749716,0.0955231495545574,0.0930640737731447,0.0948117704826483,0.09900080813864,0.1518
2025-09-08,0.0743790609685929,0.0901647437500992,0.0892379128906701,0.0937700412919856,0.0899831745291114,0.0922194157030954,0.0891501157177468,0.1511
2025-09-09,0.0724757193003349,0.086436417077959,0.0854850249671185,0.0911888037979596,0.0857837459141658,0.0887633098366251,0.0766749487342952,0.1504
2025-09-10,0.0696630925969621,0.0831129124302524,0.0823607152561732,0.0922322296189915,0.0881774129939774,0.0913281088051298,0.0708661494859128,0.1535
2025-09-11,0.0490373740887579,0.0864765713925781,0.0853570857850498,0.0876368274071527,0.0835670208391781,0.0865086358900397,0.0716855269695945,0.1471
2025-09-12,0.0599164667893626,0.0782275471578606,0.077725462611365,0.0883939769158242,0.0846024040294617,0.0872542006564685,0.068147262622062,0.1476
2025-09-15,0.058775959192498,0.0834776443007992,0.0829079593625106,0.09488219295366,0.0884759607130336,0.0918533575797948,0.0743790609685929,0.1569
2025-09-16,0.0700366528044215,0.0812834508671266,0.0807010296782331,0.099822018088161,0.094600144871696,0.0986858490987984,0.0724757193003349,0.1636
2025-09-17,0.0725756514414231,0.0797466045672768,0.0791744444937008,0.0949762305305697,0.091360542431915,0.0946680936174694,0.0696630925969621,0.1572
2025-09-18,0.0734009830724631,0.0738762450238461,0.0729818484931234,0.0898372767041848,0.0884823305684897,0.0926909727622831,0.0490373740887579,0.157
2025-09-19,0.0770444561083007,0.0783093936312988,0.0773758003924261,0.090563960133836,0.086300339849747,0.0902159103621504,0.0599164667893626,0.1545
2025-09-22,0.0728637755287809,0.0780954240447402,0.077014731560111,0.0947702951771001,0.0909521755340988,0.0960108306775678,0.058775959192498,0.161
2025-09-23,0.067933127374026,0.0831162142537305,0.0820177169893174,0.10066809774519,0.0960701395312778,0.101019162271062,0.0700366528044215,0.1664
2025-09-24,0.0691804802525709,0.0760842993040291,0.0762010706519806,0.097755663849519,0.093602167240197,0.095951388058552,0.0725756514414231,0.1618
2025-09-25,0.0594496782944457,0.0772596526973883,0.07722929749937,0.101533749588965,0.100806248947846,0.103581950646878,0.0734009830724631,0.1674
2025-09-26,0.0422997310594151,0.0792775535092027,0.0789989779314944,0.0920954480328757,0.0905410420666475,0.092388384201865,0.0770444561083007,0.1529
2025-09-29,0.0459115884539226,0.0770448265312547,0.0767588262437902,0.0975010781050008,0.0977977764485619,0.100656349304178,0.0728637755287809,0.1612
2025-09-30,0.0447528825290105,0.076132173147674,0.075705274529946,0.097501285390569,0.0943588755360988,0.0981798894513808,0.067933127374026,0.1628
2025-10-01,0.0558920725122612,0.075269111467998,0.0750000997514168,0.0978137732124459,0.0925538990698969,0.0964076154214207,0.0691804802525709,0.1629
2025-10-02,0.0590626963548147,0.0683075509728256,0.068251843018956,0.0988210008040488,0.0934950931230616,0.0981164475324623,0.0594496782944457,0.1663
2025-10-03,0.203873187833782,0.0586176360408513,0.0586180704311731,0.0955170179822329,0.0946901178199121,0.0997106503924463,0.0422997310594151,0.1665
2025-10-06,0.230154412935333,0.0615943798700077,0.0619650702317911,0.0926846770128801,0.0889099215635435,0.0922077380275239,0.0459115884539226,0.1637
2025-10-07,0.228822251962421,0.0613433262010527,0.061593350670958,0.0980068545197489,0.0966376179242045,0.100844382265083,0.0447528825290105,0.1724
2025-10-08,0.226873423675132,0.0669631643443634,0.0670653285978222,0.0932860591719294,0.0904925267420464,0.0935978920986612,0.0558920725122612,0.163
2025-10-09,0.23042839305155,0.0674217958257086,0.0675481138577778,0.0952485762556344,0.0936108860615789,0.096662841347992,0.0590626963548147,0.1643
2025-10-10,0.128116931001615,0.132119716541296,0.129512969747134,0.155603636842503,0.156223896258365,0.163325948652098,0.203873187833782,0.2166
2025-10-13,0.100095607165749,0.140598659512465,0.137708161933355,0.137512007565289,0.132815320449383,0.137164952926665,0.230154412935333,0.1903
2025-10-14,0.0994769324795165,0.1359461751053,0.133102997193805,0.154004029134506,0.148567196244795,0.155661717928626,0.228822251962421,0.2081
2025-10-15,0.102594186483216,0.137250833027648,0.134438898847172,0.15157679159046,0.146517342076127,0.152991028320936,0.226873423675132,0.2064
2025-10-16,0.101082737305229,0.139749999339832,0.136798292990737,0.190883404778621,0.184596462012787,0.197069864643541,0.23042839305155,0.2531
2025-10-17,0.10930519370862,0.116806089286958,0.11398093870797,0.141105450430447,0.127610163775615,0.137429234725989,0.128116931001615,0.2078
2025-10-20,0.117422383509386,0.110967596587506,0.108044395282349,0.117317129415349,0.109585720294494,0.116470896380909,0.100095607165749,0.1823
2025-10-21,0.118537710917864,0.101695704751503,0.0990476388888488,0.1183950547084,0.113279080069964,0.120784689661885,0.0994769324795165,0.1787
2025-10-22,0.11228417741782,0.110481285607424,0.107668283586856,0.120864438647144,0.116352532951289,0.123292891679247,0.102594186483216,0.186
2025-10-23,0.126095527082652,0.110163111920674,0.10739941817192,0.111090894866254,0.102795602987235,0.108638568583081,0.101082737305229,0.173
2025-10-24,0.114550788469951,0.114329886244342,0.111343096079181,0.105390776792632,0.0961141669612219,0.101013114479256,0.10930519370862,0.1637
2025-10-27,0.0758335287909968,0.119852733829524,0.116664764097526,0.102087742606267,0.092364813658802,0.0965066624215736,0.117422383509386,0.1579
2025-10-28,0.11185954742635,0.116892161077343,0.113841791551852,0.107823741513169,0.0976312140578708,0.102720799131318,0.118537710917864,0.1642
2025-10-29,0.114816214805475,0.108603238189686,0.105738936908696,0.113220771412835,0.103409607570529,0.110092218821425,0.11228417741782,0.1692
2025-10-30,0.120654453060605,0.122983005080935,0.119759602261197,0.111582928439946,0.103829146633321,0.108676271187773,0.126095527082652,0.1691
2025-10-31,0.119553937451106,0.117082107496817,0.113977607712004,0.114888024354853,0.109762946414664,0.11529571419221,0.114550788469951,0.1744
2025-11-03,0.160987538238737,0.102497635418311,0.0995708902465576,0.106908645365924,0.107976123311265,0.113584611512348,0.0758335287909968,0.1717
2025-11-04,0.13823372738712,0.121042436077221,0.117213969821224,0.125274194128214,0.128655270875085,0.135572772780625,0.11185954742635,0.19
2025-11-05,0.135861043080683,0.120021606473818,0.115858557039333,0.119141737338459,0.121087169772137,0.12786874450754,0.114816214805475,0.1801
2025-11-06,0.161672622638433,0.125787078189197,0.121250858972603,0.130722949828825,0.132133465822444,0.140461798561118,0.120654453060605,0.195
2025-11-07,0.161463863624754,0.121187620606673,0.116796532211915,0.128848599920233,0.131807253877028,0.139949311103213,0.119553937451106,0.1908
2025-11-10,0.136263841138277,0.141042517693868,0.136007789511652,0.120670210698094,0.115344814845298,0.121064249623028,0.160987538238737,0.176
2025-11-11,0.147700520484409,0.118049502421032,0.115720379413831,0.116208596598352,0.107732122224108,0.111908177163308,0.13823372738712,0.1728
2025-11-12,0.150010028567801,0.110320108953408,0.108989224294648,0.118067461497779,0.111597761782031,0.11498066999409,0.135861043080683,0.1751
2025-11-13,0.144434340888433,0.128258405723188,0.125965959503952,0.138625406518996,0.129889092690464,0.135610152009094,0.161672622638433,0.2
2025-11-14,0.160201032657692,0.121768379555168,0.119633306088543,0.139877324665832,0.134271942439695,0.140242037411248,0.161463863624754,0.1983
2025-11-17,0.182394837007546,0.121358300790503,0.119122354352004,0.154769645560631,0.159479089622422,0.166769433159649,0.136263841138277,0.2238
2025-11-18,0.184133190679664,0.125018199591191,0.122728809748898,0.175160081755885,0.185383177851375,0.194577488479508,0.147700520484409,0.2469
2025-11-19,0.188640458055612,0.122195793871636,0.120336091533135,0.167678281632481,0.175886939789343,0.183279825227442,0.150010028567801,0.2366
2025-11-20,0.15689462730193,0.12815219847377,0.125695979155482,0.188388944080654,0.196115864431686,0.20772811361233,0.144434340888433,0.2642
2025-11-21,0.145725809175753,0.132641060966061,0.130106062181734,0.166976058656812,0.167925777888542,0.175978710258568,0.160201032657692,0.2343
2025-11-24,0.0983158068218015,0.142601504125575,0.139712246476789,0.145842350586804,0.134008152136348,0.139704628086728,0.182394837007546,0.2052
2025-11-25,0.0775291675601132,0.142301459528837,0.139106797918701,0.130589596342178,0.113898925333716,0.118997952159413,0.184133190679664,0.1856
2025-11-26,0.0606779702029722,0.140967544524242,0.138182680921062,0.120058975340516,0.104230604389827,0.107732959303803,0.188640458055612,0.1719
2025-11-28,0.0493258145957428,0.133238189494878,0.130439139187402,0.110897920124434,0.091096526274046,0.0951644183617225,0.15689462730193,0.1635
2025-12-01,0.0401084344639758,0.130763452028189,0.127926402321238,0.116744633063923,0.101009368816722,0.105476073920288,0.145725809175753,0.1724
2025-12-02,0.0366587922354279,0.113412303484642,0.110967174179359,0.106560244114554,0.0980136461473545,0.101762289251322,0.0983158068218015,0.1659
2025-12-03,0.0563763930084192,0.105840873917545,0.103390190242979,0.0996252659574772,0.094746932602175,0.098270382646993,0.0775291675601132,0.1608
2025-12-04,0.057766820738751,0.0968575085069422,0.094448091631704,0.0949983074630233,0.0934279949551575,0.0970360907586389,0.0606779702029722,0.1578
2025-12-05,0.0945581027959276,0.089980299027554,0.0879153952669505,0.0896074090752497,0.0899560679999289,0.0930577943664207,0.0493258145957428,0.1541
2025-12-08,0.0919694548323268,0.0853108345472989,0.0832643445953171,0.0952864099570311,0.0954615526457842,0.10025930753014,0.0401084344639758,0.1666
2025-12-09,0.0933099672257269,0.079959501075763,0.0782483901600248,0.0966306678118891,0.0993971950283948,0.104357324448819,0.0366587922354279,0.1693
2025-12-10,0.115231110997955,0.0942378143952075,0.0923611492250072,0.0929408531406159,0.0911868273112263,0.094096173227614,0.0563763930084192,0.1577
2025-12-11,0.12731301805629,0.0899480611257827,0.0887345037472117,0.0873808829712222,0.0853234486480124,0.0867382521650858,0.057766820738751,0.1485
2025-12-12,0.119584303683744,0.108797297037829,0.107387966397308,0.0985762918438079,0.0960709115790866,0.0965093854152961,0.0945581027959276,0.1574
2025-12-15,0.127461179594341,0.105205772600123,0.103728980940722,0.104904992063342,0.102640826529228,0.104196743876762,0.0919694548323268,0.165
2025-12-16,0.13037679960053,0.101004140475384,0.100456063400558,0.104286015841389,0.102030045316059,0.102269786950793,0.0933099672257269,0.1648
2025-12-17,0.103283224248382,0.112924090383684,0.112088873985385,0.114770626643394,0.116970265836905,0.116598508669917,0.115231110997955,0.1762
2025-12-18,0.0867423320206426,0.115296890387976,0.114666069745598,0.110794492409972,0.110657198456737,0.109649519866479,0.12731301805629,0.1687
2025-12-19,0.0652403161148048,0.113470410212443,0.112889747158948,0.0953479128548767,0.0895056553181567,0.0883338865241117,0.119584303683744,0.1491
2025-12-22,0.0477199867511019,0.115772893595167,0.115143884488477,0.0902129918673347,0.0817395911518633,0.0803766276142136,0.127461179594341,0.1408
2025-12-23,0.0631421520478562,0.110892672306661,0.111146056108483,0.0897562349198369,0.0798080095496446,0.0779946410763682,0.13037679960053,0.14
2025-12-24,0.0603832370648939,0.100869288540246,0.101309525999935,0.0834254261783884,0.071914509101565,0.0706798357454319,0.103283224248382,0.1347
2025-12-26,0.0752565194394011,0.0868799049749073,0.0881123166559102,0.083284109898923,0.0750567285108467,0.0729427315483286,0.0867423320206426,0.136
2025-12-29,0.0834875563498175,0.080485987026476,0.0818388336439145,0.08302406769835,0.078139856963981,0.075768071322604,0.0652403161148048,0.142
2025-12-30,0.0864472278930637,0.0711296449722335,0.0723948881685251,0.0810016108515291,0.0795358293328815,0.0771925056980083,0.0477199867511019,0.1433
2025-12-31,0.0687372984193896,0.0799419726033306,0.0813652572568436,0.0872665275087328,0.0867128300683205,0.0834864085947143,0.0631421520478562,0.1495
2026-01-02,0.0815108225276336,0.076735890040112,0.0782016234895561,0.0844897039276071,0.0849365211240309,0.0814187335784235,0.0603832370648939,0.1451
2026-01-05,0.0688997372082739,0.0844038524364834,0.0859534008247476,0.0889874558900955,0.0861741219800867,0.0828912062380004,0.0752565194394011,0.149
2026-01-06,0.0548968725406245,0.0879586712415668,0.0894931463841175,0.0892057841841174,0.083307354721277,0.080423561166954,0.0834875563498175,0.1475
2026-01-07,0.0621006576109834,0.088516689248603,0.090032856679987,0.0943654986517636,0.0892206830316604,0.0865185838131317,0.0864472278930637,0.1538
2026-01-08,0.0647363244477437,0.078208830978416,0.0795242814042292,0.0942047055468384,0.0893308370603063,0.087699044649959,0.0687372984193896,0.1545
2026-01-09,0.0459544564291966,0.0882520632474121,0.089703475012595,0.0870450698663169,0.0797687937925298,0.0775845260102542,0.0815108225276336,0.1449
2026-01-12,0.15453405456425,0.0823684597102744,0.0836311919724039,0.0903041862577903,0.0852095947652486,0.0834661564150902,0.0688997372082739,0.1512
2026-01-13,0.174300730722071,0.0760853022584736,0.077327192087706,0.0933556352562602,0.0913474098692064,0.0898633720369668,0.0548968725406245,0.1598
2026-01-14,0.174495992121375,0.0807040544492699,0.0819766589304975,0.0995409023074433,0.0970021195343126,0.0956600376816679,0.0621006576109834,0.1675
2026-01-15,0.173550107996668,0.0778265276232289,0.0787947705436268,0.0939641086388211,0.0913386470965468,0.0906050463527002,0.0647363244477437,0.1584
2026-01-16,0.177075134387995,0.068845710378401,0.0693344089405304,0.0909185044692206,0.0921361495072252,0.0923655494144037,0.0459544564291966,0.1586
2026-01-20,0.101477775735396,0.117975823763018,0.117667825626576,0.137321065023143,0.136967173363816,0.137345719728745,0.15453405456425,0.2009
2026-01-21,0.060068430543227,0.121261473994573,0.121225486835753,0.114581695250522,0.110024204004969,0.108454827755679,0.174300730722071,0.169
2026-01-22,0.0467241263859351,0.119183484841376,0.119286474893953,0.105210191647342,0.0981171517804403,0.0963736946169284,0.174495992121375,0.1564
2026-01-23,0.0558077840609042,0.112397450593865,0.112808796052334,0.110366388515708,0.10521229155154,0.103457380149617,0.173550107996668,0.1609
2026-01-26,0.0575741818743259,0.116819577720506,0.117211533797007,0.109259646780569,0.100402770952695,0.0989479299438998,0.177075134387995,0.1615
2026-01-27,0.0778987063594217,0.0984356688967682,0.098547372405908,0.103499982807175,0.0896149648785469,0.0906259909850189,0.101477775735396,0.1635
2026-01-28,0.0858559365617853,0.0795415093679974,0.0794272303920992,0.099252931823015,0.0937697501733771,0.0955745323901923,0.060068430543227,0.1635
2026-01-29,0.12224971000222,0.0765835982721712,0.0763505317698221,0.0981360590622357,0.0945769295509236,0.0967793729343789,0.0467241263859351,0.1688
2026-01-30,0.182157650824446,0.0822461929578537,0.0819926455822615,0.103442633648948,0.0990987359463628,0.10115790368569,0.0558077840609042,0.1744
2026-02-02,0.181185822387027,0.0838543981827855,0.0833561019188003,0.0962409365431455,0.0922738869288676,0.0939091996325497,0.0575741818743259,0.1634
2026-02-03,0.172599158274319,0.0927876715136907,0.0923937394237944,0.111483398522276,0.109355138290954,0.110924925176237,0.0778987063594217,0.18
2026-02-04,0.168781576880012,0.0954181143659257,0.094999554166008,0.117899931086517,0.116999002709293,0.118659733253379,0.0858559365617853,0.1864
2026-02-05,0.182720906962427,0.110216521524072,0.109508693714494,0.146885149724098,0.146920792591144,0.150107534409167,0.12224971000222,0.2177
2026-02-06,0.119274093332232,0.133467310491848,0.132041181169285,0.12228111207442,0.111545096753284,0.112318629884408,0.182157650824446,0.1776
2026-02-09,0.114786415543156,0.130227951429543,0.128807607538059,0.119356052112198,0.109528412288639,0.110074029705987,0.181185822387027,0.1736
2026-02-10,0.119066411719162,0.12803034398374,0.126345035883722,0.122377857374579,0.111478466834596,0.113305895162291,0.172599158274319,0.1779
2026-02-11,0.120744498512213,0.119128349977587,0.117648980400676,0.123733583445545,0.114368258243907,0.116865598392242,0.168781576880012,0.1765
2026-02-12,0.0665733108733634,0.137356211110861,0.135048508817147,0.147023216647086,0.133775018802912,0.139086824475146,0.182720906962427,0.2082
2026-02-13,0.0995626912307262,0.115662714304066,0.113479815906484,0.140988266105188,0.141644512352424,0.147146113353606,0.119274093332232,0.206
2026-02-17,0.113082093600813,0.115074050004806,0.112605156362369,0.137318708221816,0.139882793124631,0.145588052093842,0.114786415543156,0.2029
2026-02-18,0.120599693663219,0.119478377008065,0.116915188638182,0.131417279661191,0.12878000069594,0.133909342394521,0.119066411719162,0.1962
2026-02-19,0.124902171707359,0.118976263038438,0.116418645223217,0.136924352898095,0.135944631552057,0.141707608454241,0.120744498512213,0.2023
2026-02-20,0.118925047873176,0.0950542465517069,0.0934697520970946,0.118363642207716,0.112196737511404,0.118253842867601,0.0665733108733634,0.1909
2026-02-23,0.093047782200961,0.106913677625396,0.105587415984537,0.138173764461395,0.132341588624918,0.138405634080013,0.0995626912307262,0.2101
2026-02-24,0.101328499475038,0.111045250595818,0.109588577255178,0.129208373497941,0.120409759510726,0.125229542992617,0.113082093600813,0.1955
2026-02-25,0.0998320503082695,0.114620593878084,0.112910617331861,0.117776697868154,0.108798916933306,0.112320160081111,0.120599693663219,0.1793
2026-02-26,0.100616915361318,0.115216070078601,0.113524860447962,0.123925130355926,0.115400819205615,0.119420096090968,0.124902171707359,0.1863
2026-02-27,0.134811681336604,0.113305239565237,0.111226736586356,0.132911780854543,0.128999568294271,0.134704114842897,0.118925047873176,0.1986
2026-03-02,0.147013825961362,0.102096363303461,0.0999453830092102,0.143167025710472,0.137671423865665,0.147448436418688,0.093047782200961,0.2144
2026-03-03,0.131549824676997,0.111061818170276,0.108234299928173,0.158799384773213,0.158908853136555,0.171128457857025,0.101328499475038,0.2357
2026-03-04,0.119717285607722,0.111029785464887,0.108027870335835,0.139994155685975,0.140757565293546,0.150004292286242,0.0998320503082695,0.2115
2026-03-05,0.156791282257634,0.110860111717512,0.107827939831164,0.160638636590793,0.161325023708405,0.174359460322431,0.100616915361318,0.2375
2026-03-06,0.132066272849439,0.124199052660737,0.120923086920741,0.212944347172592,0.214249139505922,0.234348031437568,0.134811681336604,0.2949
2026-03-09,0.138258855890851,0.127321623118429,0.123955274723969,0.182173815040139,0.179561921840874,0.193762678649983,0.147013825961362,0.255
2026-03-10,0.138557000747598,0.118240661545883,0.115499164245441,0.176193664899714,0.171039765631188,0.184527379118922,0.131549824676997,0.2493
2026-03-11,0.169185355736535,0.105635308035495,0.104432308917886,0.168209169271836,0.169577949478444,0.178919080165887,0.119717285607722,0.2423
2026-03-12,0.130912713569512,0.124231237035931,0.122522370307957,0.196818435294357,0.201022211765542,0.212917946444032,0.156791282257634,0.2729
2026-03-13,0.164327998345046,0.117281342125052,0.115533294388973,0.193259912959387,0.194121118501703,0.207104730356756,0.132066272849439,0.2719
2026-03-16,0.168579758541382,0.121846295822594,0.119850763616735,0.16385892994033,0.163214152067443,0.171416691415301,0.138258855890851,0.2351
2026-03-17,0.169749709262631,0.114240173767048,0.113237018057235,0.155219688119277,0.153991440981353,0.159947239793977,0.138557000747598,0.2237
2026-03-18,0.144312382202052,0.128422550566233,0.126910441133589,0.180328212909791,0.183626365733208,0.191602648965037,0.169185355736535,0.2509
2026-03-19,0.189695273014776,0.116761231918384,0.11522318273061,0.168306524757293,0.169391719690201,0.178442040654285,0.130912713569512,0.2406
2026-03-20,0.196441643367906,0.131983897317238,0.129871441981358,0.194352474171128,0.195654160235787,0.206977858454346,0.164327998345046,0.2678
2026-03-23,0.181220265594766,0.134790207243499,0.132466140542367,0.190166995436629,0.190832414570711,0.201529582740339,0.168579758541382,0.2615
2026-03-24,0.271457810923639,0.132284846237808,0.130126005852036,0.198154622309192,0.204618166326696,0.216033856090819,0.169749709262631,0.2695
2026-03-25,0.273475277633177,0.125450866673507,0.123384208490692,0.180534247450206,0.176395188507834,0.187513995091113,0.144312382202052,0.2533
2026-03-26,0.243540293154291,0.14292618555252,0.140360355329564,0.203655506315471,0.2057294903241,0.21789895602249,0.189695273014776,0.2744
2026-03-27,0.21438984896445,0.14824728893251,0.145305866181069,0.236644198685041,0.235622691155601,0.25251761754349,0.196441643367906,0.3105
2026-03-30,0.212612910054208,0.141667094482127,0.13879330833609,0.232369491553362,0.24746517959218,0.26341852784722,0.181220265594766,0.3061
2026-03-31,0.185944234326942,0.177270159715321,0.173176070534422,0.19370130820678,0.181322783503831,0.190506202124226,0.271457810923639,0.2525
2026-04-01,0.184148449999265,0.174888585175084,0.17079635047487,0.18896469400616,0.176844936404661,0.18551932374609,0.273475277633177,0.2454
2026-04-02,0.184154304894776,0.163524649714196,0.159808169241802,0.182248644247985,0.162984996902772,0.172597340286117,0.243540293154291,0.2387
2026-04-06,0.195174531742758,0.160237408067196,0.156607174361721,0.180952644721568,0.151409018703667,0.16268357094466,0.21438984896445,0.2417
2026-04-07,0.212084630560947,0.155447328068312,0.151983240038327,0.196597834108097,0.162784812747646,0.176762269552369,0.212612910054208,0.2578
2026-04-08,0.131272234008641,0.162946959147645,0.159099558862507,0.150652022987092,0.125985061823556,0.133122038432325,0.185944234326942,0.2104
2026-04-09,0.125171612068907,0.158915745959013,0.1552605671723,0.13864849525437,0.117110675107109,0.122590418291286,0.184148449999265,0.1949
2026-04-10,0.15106983243138,0.155572649778314,0.152225655704,0.137821813976615,0.118528886153677,0.123772601169581,0.184154304894776,0.1923
2026-04-13,0.133952698721502,0.164536362011174,0.160950606732945,0.136247195730894,0.113039688303191,0.11804360721623,0.195174531742758,0.1912
2026-04-14,0.114330883417155,0.167672963387615,0.164442102213278,0.131030436650184,0.104734539250003,0.109014294497716,0.212084630560947,0.1836
2026-04-15,0.123887651960027,0.145336787825085,0.142241224409941,0.122941237537548,0.106207553331322,0.110391502589114,0.131272234008641,0.1817
2026-04-16,0.125976760761083,0.140035204550388,0.137133455356521,0.121160848153594,0.106561540642544,0.110466046639415,0.125171612068907,0.1794
2026-04-17,0.108764016577653,0.152769891906962,0.149666524109881,0.119196445903374,0.0985667627073913,0.102115281021895,0.15106983243138,0.1748
2026-04-20,0.107801877386203,0.142128484836192,0.139460903804162,0.129462574201289,0.113184432516176,0.117500601400926,0.133952698721502,0.1887
2026-04-21,0.103876529694871,0.138037824977353,0.135311681935338,0.131408767656827,0.122700825354249,0.126983952197305,0.114330883417155,0.195
2026-04-22,0.0730827621372887,0.140894861448262,0.138493804738068,0.127586590554094,0.117585689050493,0.120822493968317,0.123887651960027,0.1892
2026-04-23,0.0985197379157256,0.138413113622431,0.136276953673955,0.131435931882611,0.124223635261914,0.127216278593146,0.125976760761083,0.1931
2026-04-24,0.0834147155122172,0.134433917061114,0.131802862581725,0.124242840897061,0.119181642303656,0.122437931368452,0.108764016577653,0.1871
2026-04-27,0.0878442899401703,0.130228493844871,0.127570542444827,0.120048451823533,0.114185021409156,0.117351626859433,0.107801877386203,0.1802
2026-04-28,0.0989938424461633,0.128162968307299,0.126031761607538,0.116918217705413,0.110999607921496,0.113530533669245,0.103876529694871,0.1783
2026-04-29,0.142700563593319,0.108513846902236,0.106995590213236,0.120911938479784,0.122934529444002,0.126117517383718,0.0730827621372887,0.1881
2026-04-30,0.125959118330316,0.125139543117132,0.123485953322211,0.108534203736239,0.101772076632164,0.103220216658896,0.0985197379157256,0.1689
2026-05-01,0.13777829788101,0.105846335982566,0.10604088992583,0.106988926792063,0.103314910474752,0.102866509723915,0.0834147155122172,0.1699
2026-05-04,0.135372098487867,0.107384632310273,0.107716452187134,0.116920478780569,0.114433572359995,0.114212810030343,0.0878442899401703,0.1829
2026-05-05,0.123121732244923,0.113401797376789,0.113699990905447,0.111390174568551,0.103569244774737,0.103351855982195,0.0989938424461633,0.1738
2026-05-06,0.0793825485126718,0.13067901591565,0.130883970347873,0.116067523207689,0.100780635922569,0.100895087248785,0.142700563593319,0.1739
2026-05-07,0.0922021450234796,0.123854778801734,0.123916412796357,0.112943564511304,0.104083116664898,0.103641096276344,0.125959118330316,0.1708
2026-05-08,0.112930012331854,0.117889882344326,0.119640157407724,0.113524638856897,0.101691684984401,0.0996089648770579,0.13777829788101,0.1719
2026-05-11,0.112261671598424,0.114046467307399,0.115918327973839,0.123400823031146,0.109659367702169,0.108463204227684,0.135372098487867,0.1838
2026-05-12,0.121391826017706,0.11070831217042,0.112329318815589,0.119194061475956,0.110142521203981,0.108642085387594,0.123121732244923,0.1799
2026-05-13,0.137218221589586,0.0976794022983735,0.0988352451702115,0.1115051314889,0.107298493163061,0.106393011823145,0.0793825485126718,0.1787
2026-05-14,0.126670848417096,0.100703804795165,0.102292447823145,0.108607561374431,0.0999526335108163,0.0986276047427809,0.0922021450234796,0.1726
2026-05-15,0.0945671994370599,0.10971913956929,0.111336622240749,0.119772862210288,0.115718785962288,0.113374860818065,0.112930012331854,0.1843
2026-05-18,0.103849470445369,0.105298617028192,0.106861511344036,0.117081673570128,0.115000519933314,0.112224321019193,0.112261671598424,0.1782
2026-05-19,0.09232082676396,0.10866030247984,0.11051441835112,0.118167248723256,0.116072206096004,0.112674346246682,0.121391826017706,0.1806
2026-05-20,0.0661429480522673,0.116060742325503,0.117770172082506,0.11497485319471,0.110536783190183,0.107225157201806,0.137218221589586,0.1744
2026-05-21,0.0668143047434691,0.109738034076252,0.111451979327442,0.109937497305299,0.109983923255159,0.106105104129745,0.126670848417096,0.1676
2026-05-22,0.0641337543778076,0.0996722990957496,0.101426390047962,0.105216732715025,0.102058079959303,0.0994878504146822,0.0945671994370599,0.167
2026-05-26,0.0482506278336736,0.103602831311312,0.105422131965525,0.108355297399053,0.10098343582948,0.0987110451132302,0.103849470445369,0.1701
2026-05-27,0.0713176652840235,0.0939411164118086,0.0957199744000398,0.103795471183287,0.0971341009016318,0.0950935457347032,0.09232082676396,0.1629
2026-05-28,0.0652121687988465,0.0900269945910135,0.0914196379178334,0.0940520340087216,0.0897895694405008,0.0880339786765853,0.0661429480522673,0.1574
2026-05-29,0.200544955198645,0.0887125239966036,0.0901115339155984,0.0917546827279187,0.0877159208211494,0.0857923369423934,0.0668143047434691,0.1532
2026-06-01,0.200792213867943,0.0880172034109755,0.0893165685298719,0.0962965289082334,0.093253782667342,0.0918679055291359,0.0641337543778076,0.1605
2026-06-02,0.201417186143853,0.0781782346663344,0.079539185357739,0.091536673752826,0.0918036944899206,0.0901833314284465,0.0482506278336736,0.1577
2026-06-03,0.226391394907354,0.0908342921492964,0.0924420286167948,0.0968139671209796,0.0966251555403352,0.0940562575699296,0.0713176652840235,0.1606
2026-06-04,0.256182401805505,0.0877594847334314,0.0892865752574394,0.0916147133393383,0.092544576836142,0.0897642268049304,0.0652121687988465,0.154
2026-06-05,0.175194125943873,0.141774513691096,0.142827910966719,0.153262099861546,0.159852807157141,0.157026720731151,0.200544955198645,0.2151
2026-06-08,0.209264796551398,0.133368441029498,0.135008691501652,0.133495354081432,0.139956118053701,0.13498639943864,0.200792213867943,0.1892
2026-06-09,0.212353659029384,0.133056496881741,0.134696054878955,0.141453954170062,0.150399741304758,0.145558326546209,0.201417186143853,0.1987
2026-06-10,0.197939098183692,0.145184371280012,0.146385044686794,0.161307216085562,0.173191344221304,0.169025425222391,0.226391394907354,0.2222
2026-06-11,0.172752876694136,0.156923161064429,0.157540247341551,0.140474021826481,0.144485937816289,0.140397091796082,0.256182401805505,0.1944
2026-06-12,0.171089083656782,0.138685612711023,0.138927941938876,0.121637130578383,0.116325432374602,0.114820432096061,0.175194125943873,0.1768
2026-06-15,0.162096606766367,0.152505263602866,0.152525254394754,0.111537671417464,0.100647129846927,0.0988631728319685,0.209264796551398,0.162
2026-06-16,0.157118832166525,0.150563848260491,0.150427137875554,0.114092069238565,0.104801822622382,0.103228310183775,0.212353659029384,0.1641
2026-06-17,0.130986166692556,0.148963466177882,0.148925516851096,0.129042701441489,0.118658046539978,0.118678273136102,0.197939098183692,0.1844
2026-06-18,0.106316468738217,0.144823021181177,0.144403921486155,0.111168796667589,0.105796132216454,0.104727318882643,0.172752876694136,0.164
2026-06-22,0.132235632581844,0.141889633636094,0.141552460475164,0.118723964248965,0.116793164338257,0.115733392005182,0.171089083656782,0.1728
2026-06-23,0.100372820856077,0.1437005270972,0.143117443786836,0.134751536956435,0.143852301909388,0.142163847949493,0.162096606766367,0.1949
2026-06-24,0.10128977434667,0.137343490119305,0.136748231947518,0.129510344459261,0.139310516682086,0.137785573329609,0.157118832166525,0.1863
2026-06-25,0.101287325820998,0.126185866109125,0.12532374082793,0.130797339742422,0.137944110682551,0.138628212501179,0.130986166692556,0.1889
2026-06-26,0.113454162476843,0.120840966200072,0.119857794378,0.122882672630782,0.134818537153803,0.1349000273778,0.106316468738217,0.1841
2026-06-29,0.0836609461128319,0.13627380557191,0.135140783717569,0.117696179468494,0.120301313943871,0.120223695142693,0.132235632581844,0.1765
2026-06-30,0.0652958808903208,0.125552578054473,0.124314416236965,0.105515222456104,0.101795154445056,0.102746847456813,0.100372820856077,0.1645
2026-07-01,0.0857008766254081,0.123710039423247,0.122192826645545,0.107500791245326,0.104539028075717,0.106080827428268,0.10128977434667,0.1659
2026-07-02,0.0907397423973714,0.111974906699394,0.110317011890816,0.108920388881658,0.10915976800464,0.111398151169227,0.101287325820998,0.1615
2026-07-06,0.093819176214405,0.130477209990345,0.12859634998517,0.100415238431895,0.093522220489906,0.0947481440297527,0.113454162476843,0.1557
2026-07-07,0.0922318185950718,0.118316008798903,0.115645566979913,0.101458790147543,0.101148900602274,0.10400219905741,0.0836609461128319,0.1613
2026-07-08,0.0940100740670866,0.109376053098269,0.106747350387245,0.104525283779905,0.109654381048203,0.11336329320183,0.0652958808903208,0.169
2026-07-09,0.0827133742529935,0.111232297152742,0.110136947320065,0.0985464026693931,0.0973604760268721,0.0981566019329833,0.0857008766254081,0.1584
2026-07-10,0.105568168658998,0.112224609879107,0.111122910279986,0.093678776394914,0.0918830724724659,0.0923285003077851,0.0907397423973714,0.1503
2026-07-13,0.0902269068747419,0.115203391132175,0.113962196566654,0.109426374166883,0.111792378208667,0.112910156865106,0.093819176214405,0.1716
2026-07-14,0.106535310733709,0.109435941873912,0.108208315408039,0.104427617466356,0.103570830651561,0.10507260004516,0.0922318185950718,0.165
2026-07-15,0.103495391079353,0.104888757733453,0.104562567180703,0.0981487025421806,0.0947501853884602,0.0949813987117796,0.0940100740670866,0.1567
2026-07-16,0.129805519707326,0.10151675805077,0.101161822238914,0.104265270985592,0.105660170959287,0.106132537256966,0.0827133742529935,0.1673
2026-07-17,0.108026415153077,0.106461220683373,0.106826710193153,0.121694091550312,0.127578601234366,0.127293581714468,0.105568168658998,0.1877
2026-07-20,0.107156396095074,0.0987084540635899,0.0989230758153779,0.119620819959432,0.12457329755556,0.125238519282566,0.0902269068747419,0.1865
2026-07-21,0.088243155793148,0.104157128722672,0.104780657163971,0.108812001852114,0.110161879940092,0.109208920743169,0.106535310733709,0.1705
2026-07-22,0.139485952567748,0.0977169355042963,0.0987720092280223,0.106158695699548,0.110528717285513,0.108583559726362,0.103495391079353,0.1664
2026-07-23,0.160212525042995,0.111314849450969,0.112002206840865,0.123674977721233,0.129196439208554,0.128162994334755,0.129805519707326,0.187
2026-07-24,0.16766199054937,0.0955078886437786,0.096907587909473,0.121642774593322,0.125248467639761,0.124118581665264,0.108026415153077,0.1858
2026-07-27,0.197419405993201,0.0937330175918964,0.0950627505163428,0.122894131980706,0.126859872672865,0.126152910557261,0.107156396095074,0.1867
2026-07-28,0.233686288420128,0.0920532677211453,0.0931258803719886,0.115383515738799,0.121269481726425,0.120435860549654,0.088243155793148,0.1821
2026-07-29,0.207335099203999,0.114751524654979,0.115466642458533,0.139891862868289,0.146140762447626,0.145376237495216,0.139485952567748,0.2066
2026-07-30,0.171685473491339,0.123035333976486,0.123573747576015,0.11417950546786,0.108399889263521,0.107181830605529,0.160212525042995,0.1709
2026-07-31,0.170107755150192,0.122801630557482,0.123491671939571,0.106644236868617,0.0990691119501402,0.0973949059184763,0.16766199054937,0.1599
2026-08-03,0.134494031397937,0.135330002856535,0.135563892706724,0.107525764957309,0.0946848933951399,0.093792793335395,0.197419405993201,0.1586
2026-08-04,0.0524691252397555,0.149570423941237,0.149186234266496,0.115069897869391,0.0959132370158261,0.0962647396830485,0.233686288420128,0.165
2026-08-05,0.0543871140628446,0.138680464910655,0.138272365848957,0.109257047652692,0.0884621333308778,0.0893412938364588,0.207335099203999,0.1581
2026-08-06,0.0701978890643886,0.131074264508604,0.130612901730088,0.101778838645607,0.0884008042905882,0.0883698912302716,0.171685473491339,0.1515
2026-08-07,0.0561903796051291,0.133679896444493,0.133130177261241,0.0991482061203947,0.0855957079342266,0.0853539581578699,0.170107755150192,0.149
2026-08-10,0.0672656058584703,0.11957375359698,0.119063217530978,0.101932806227356,0.0943757024079933,0.0942025715772836,0.134494031397937,0.1546
2026-08-11,0.080038461389156,0.0929298479801528,0.0919028354525325,0.0896610788192671,0.0923448528436187,0.0929742405707996,0.0524691252397555,0.1528
2026-08-12,0.0792651621393303,0.0928784741611965,0.0920006334628183,0.0850779259170726,0.086382122273731,0.0865401241716784,0.0543871140628446,0.1455
2026-08-13,0.0893171168469666,0.101779523900051,0.100837310566297,0.0877298593750896,0.0852561063825203,0.0854722664876543,0.0701978890643886,0.1463
2026-08-14,0.0937025740792615,0.0934715670578996,0.092530482885285,0.0835632830487581,0.0843552888542807,0.0843622695679071,0.0561903796051291,0.1425
2026-08-17,0.0882764016138147,0.10006639140849,0.0991734313451288,0.0913129891686783,0.0917884567396868,0.0917332878594517,0.0672656058584703,0.1519
2026-08-18,0.0768169178860424,0.104824937714908,0.104155011189627,0.0975919307805428,0.098315285456067,0.0979713764965497,0.080038461389156,0.1584
2026-08-19,0.0753613003556526,0.102908569170844,0.10217987469404,0.0913061675278606,0.0937550587697058,0.0930822350821611,0.0792651621393303,0.1489
2026-08-20,0.0667459871353244,0.108583872052928,0.107791194054923,0.099925496112802,0.105467600676343,0.1044398429041,0.0893171168469666,0.1601
2026-08-21,0.0618039501506117,0.109407992511515,0.108604221629262,0.094448129259583,0.0979495668416841,0.0966994776079859,0.0937025740792615,0.1513
2026-08-24,0.0630935618892683,0.104483421606317,0.104067309022224,0.0991119078545418,0.103080892582423,0.102182665639703,0.0882764016138147,0.1585
2026-08-25,0.0777002930611399,0.100620762643755,0.0999988878786128,0.0946342412059568,0.0958213374583515,0.095682835786949,0.0768169178860424,0.1545
2026-08-26,0.0842514258502367,0.0964961569884233,0.0958816410016431,0.0941524289639021,0.0973991594443603,0.0971817843897189,0.0753613003556526,0.1521
2026-08-27,0.100419319977563,0.0983431721912663,0.0975707384250771,0.0862146477035418,0.0839977184655618,0.0841790675926454,0.0667459871353244,0.1451
2026-08-28,0.10239923458658,0.0910444466498635,0.09092341701561,0.0851664605167725,0.0866407639936213,0.0861142374713048,0.0618039501506117,0.1443
2026-08-31,0.107966471891553,0.0868665895994174,0.087670309929917,0.0882461954788113,0.0891478626775298,0.0877646061114649,0.0630935618892683,0.1492
2026-09-01,0.101372334134794,0.0933593241878052,0.0943320117547636,0.100046410057711,0.102999989204715,0.101355796863299,0.0777002930611399,0.1634
2026-09-02,0.104628947613589,0.090084854423352,0.0919671000422165,0.0926721074076514,0.0936512953404458,0.0905570616450489,0.0842514258502367,0.152
2026-09-03,0.0951835202560404,0.0890916135513562,0.0923691783064695,0.087312381169723,0.0855341060109464,0.0806067899949765,0.100419319977563,0.1432
2026-09-04,0.0976129457998499,0.0888207185730643,0.0920284251313788,0.0895498426573686,0.0887271419970102,0.0837923558942748,0.10239923458658,0.1453
2026-09-08,0.093924618209022,0.0919049243344353,0.095009492917056,0.0985998503220705,0.0979511180381556,0.093287467393652,0.107966471891553,0.1572
2026-09-09,0.0929860983498842,0.0894696357145694,0.092567162789122,0.103354324363817,0.10244734904635,0.0981570076485398,0.101372334134794,0.1646
2026-09-10,0.115617949878886,0.0914725369240493,0.0936809795206845,0.113874857735247,0.116580672832745,0.113848752493205,0.104628947613589,0.1784
2026-09-11,0.0990590721388579,0.0915264318757361,0.0933787702241486,0.097957568062214,0.10257133368729,0.09943954013551,0.0951835202560404,0.1584
2026-09-14,0.140338377732003,0.0920036625993113,0.0937986797652418,0.107843767138808,0.113574492495546,0.110999133958094,0.0976129457998499,0.171
2026-09-15,0.136645680597306,0.090198294223386,0.0917564865329514,0.108113062120667,0.113386861943907,0.111476388041638,0.093924618209022,0.172
2026-09-16,0.14336406700145,0.0904652336506646,0.0915411829442575,0.111818132933745,0.118419214197891,0.117877578067455,0.0929860983498842,0.1771
2026-09-17,0.118748708014356,0.100841225858888,0.101708677420935,0.097203984867259,0.0962458215904766,0.0952240067988993,0.115617949878886,0.1544
2026-09-18,0.123550707635135,0.0925839231069979,0.0931576529274386,0.0918380638594959,0.0949144625952781,0.093964726836852,0.0990590721388579,0.1481
2026-09-21,0.0849774443473789,0.112155778461128,0.112141609387763,0.0951621510133235,0.0907707192152493,0.090817242920354,0.140338377732003,0.1487
2026-09-22,0.085804193011199,0.0983267818904269,0.0984058988419455,0.0934796161553065,0.0904863172251167,0.0906667267316471,0.136645680597306,0.1421
2026-09-23,0.0692007121554596,0.11077956825886,0.110602757098431,0.0980095250897111,0.0922250948987108,0.0927619051852589,0.14336406700145,0.1518
2026-09-24,0.0705455733738331,0.0998009474968521,0.0995557148363754,0.101461397798061,0.100750025512175,0.101551834812158,0.118748708014356,0.1567
2026-09-25,0.0798030542586103,0.105697439604097,0.105064975270691,0.0943252827301245,0.0903972391326449,0.0910203071117942,0.123550707635135,0.1487
